timestamp,temperature_c,battery_pct,power_draw_w,orientation_pitch,orientation_roll,orientation_yaw,comms_signal_pct,is_anomaly,anomaly_type
2026-07-01 00:00:00,20.496714153011233,86.5390088444603,153.31440634333705,-0.555728978468516,-1.119115616662486,-0.4119677434859998,89.94037909389506,0,
2026-07-01 01:00:00,21.932288059648982,77.74325326222947,161.04375018947704,0.12325238921600244,-1.060350076317533,-0.35955472572459296,89.67820570256717,0,
2026-07-01 02:00:00,24.64768853810069,80.75907288947144,160.90510779351854,0.24911087424839257,-0.3034325889285877,1.024906047892963,93.66084868925316,0,
2026-07-01 03:00:00,27.179884105900406,92.25185437604631,157.6579758839517,0.5700745192606332,0.22884329302677603,0.000341409478741314,86.76996261758696,0,
2026-07-01 04:00:00,26.694049855552173,90.1844542095619,294.71079182715243,0.7902703432841868,-1.3737524213626173,0.3910650007657296,87.7124422825602,1,power_surge
2026-07-01 05:00:00,27.493269653363367,88.90971244968195,166.06173205682222,-0.5075470959139343,-0.2498650880758153,-0.39544969083377657,93.10890867621744,0,
2026-07-01 06:00:00,29.57921281550739,90.09216966532696,167.3569165912512,-0.4054287556051691,-0.26312392825871056,-0.3899264731108194,88.21339519444842,0,
2026-07-01 07:00:00,28.494841339465456,91.5675376582537,172.25033661955683,-0.6287889294573081,0.6941688891042239,0.5409924046249711,92.70159923199478,0,
2026-07-01 08:00:00,26.45872884434056,86.63132861737539,173.51192343285695,-0.11700992955349068,-0.19251090585643182,-0.6747881057757661,95.09830794902612,0,
2026-07-01 09:00:00,26.199414293078345,84.64401027892117,164.24849350741127,0.23317918722316724,0.19149449237046423,-0.20760688395263577,88.7946149191751,0,
2026-07-01 10:00:00,23.536582307187537,88.4792262754884,161.5441650629948,0.49366725829455094,0.07062857004373162,0.017013705536116024,92.04408697972592,0,
2026-07-01 11:00:00,21.60482260724991,81.40223133743744,163.68745562522662,-0.03797551182126138,-1.0652832399036003,0.05568630092002621,86.53892315598043,0,
2026-07-01 12:00:00,20.241962271566035,87.04126377857236,151.20376589744285,-0.15992376162742197,0.38410360831586865,-0.08954664250807813,92.26419989420343,0,
2026-07-01 13:00:00,16.016167394522036,75.19298675329819,168.1847964729524,0.07587899612437018,0.10769825272814397,0.19790989054796154,90.5982719579603,0,
2026-07-01 14:00:00,14.275082167486971,87.64577818662822,162.82754822815772,-0.4175714508150115,0.2541343198372948,0.3464278779089058,91.41911484648064,0,
2026-07-01 15:00:00,13.780858221266651,83.82745350613247,155.33832182795186,1.0447693608473867,1.9631188532181634,0.367318772729665,88.06328378389381,0,
2026-07-01 16:00:00,12.05896564939007,81.95002165264718,171.08721618121143,-0.8038305135590293,-1.0420564697492942,-0.49290190433391334,85.01674975329848,0,
2026-07-01 17:00:00,12.586840722282728,85.08382578828223,171.22430845019525,0.09237028944786223,0.8623483248805542,-0.1420775489643986,91.50975619424851,0,
2026-07-01 18:00:00,11.091975924478788,88.32737222231289,176.44876377041373,1.0118031096148197,-0.14372375970017778,0.5973814309384688,83.80979054256164,0,
2026-07-01 19:00:00,10.860289688352161,85.2422211936453,172.68442328213118,0.0033999222799988844,0.14366445220150464,0.44732359378693615,89.0479485232724,0,
2026-07-01 20:00:00,14.537445538646045,71.46550182441958,166.6282281557699,-0.09501951750074723,-0.022756122650621085,-0.686429725740532,92.82354559925992,0,
2026-07-01 21:00:00,14.117369450021084,75.06658126038876,158.02064444228412,-0.1787227114052136,-0.21211816669902175,0.17573995017610083,90.57569320761911,0,
2026-07-01 22:00:00,16.06752820468792,79.3759071115216,158.95488371356987,-0.09019584088120391,-0.2849164641193794,-0.9891126246874051,95.84502793436944,0,
2026-07-01 23:00:00,16.50469945296637,83.83636002554157,150.92377863100393,0.6864242373382651,0.16475436778650457,0.023467451030184813,93.07532745774532,0,
2026-07-02 00:00:00,19.455617275474815,87.58829510234561,147.09738275097638,-1.1059309556647534,-0.7585868483358396,0.9488835083729885,88.03830483502327,0,
2026-07-02 01:00:00,22.181474950530035,82.66537615974528,158.11927292415348,0.7667168506481628,0.3752895837608828,-0.47394635863449314,90.08194013955432,0,
2026-07-02 02:00:00,1.3574667742689712,88.4338338223854,168.34952252175702,-0.7119785762250725,-0.20809720244262697,-0.41716152274579105,89.85788789236669,1,temp_spike
2026-07-02 03:00:00,26.032552267838053,84.75861924416613,166.11549327284587,-0.1333261646172074,-0.5650346695201789,0.38201489078642975,85.25346970996162,0,
2026-07-02 04:00:00,26.3275645403567,86.27253800396245,161.34109276551285,-0.21462221014933092,-0.22500642899790685,-0.771400757604823,87.17880325054693,0,
2026-07-02 05:00:00,27.435712860519267,82.79632364720423,171.5415298668821,0.2942766348853599,0.6285746084312864,-0.31637751494251953,88.31771727906042,0,
2026-07-02 06:00:00,27.398293387770604,85.38383376944547,175.98315743322826,-0.7990621759418738,-0.26766754350811156,0.29822056879087633,83.8913384914322,0,
2026-07-02 07:00:00,29.579684794821485,83.07120610336368,166.26960200418446,0.23108633304097143,0.17922680910481012,-0.31714292384470155,90.14248040475493,0,
2026-07-02 08:00:00,26.91470600553758,84.45076075403553,166.6504222423242,1.0121548116434262,-0.36547813785773664,-0.11798499360548581,89.25278446604088,0,
2026-07-02 09:00:00,24.599143320536477,93.80374288897194,164.21557659737692,-0.6815870022964052,0.3789609249618098,0.3720928551575173,84.98131829606528,0,
2026-07-02 10:00:00,24.82254491210319,82.75300555584029,156.0755084345888,0.09485308380519783,0.34275386939510205,0.21077304176828063,91.21263859583199,0,
2026-07-02 11:00:00,20.849708710849143,99.45600554969955,158.41778307126972,-0.33099108889830453,0.9243044166482057,0.13340919814770094,92.14761823407288,0,
2026-07-02 12:00:00,20.208863595004757,87.46658950440445,149.39525925696108,0.21294360309651789,-0.08778197274960775,-0.16956113963501937,90.68110343659467,0,
2026-07-02 13:00:00,15.969777515300063,84.63008539296176,157.27404312158555,0.00957388870787603,0.3343274023789533,0.18503055763447768,89.0277954743731,0,
2026-07-02 14:00:00,14.671813951101576,78.20821109909393,155.56253911098946,-0.3207434545221548,0.049033769769472275,-0.06186634004987831,91.77432645525556,0,
2026-07-02 15:00:00,14.540006986376751,84.96601549111222,161.95484412211388,0.243936142435537,0.6479358909315072,0.22890280496289236,92.04066108143007,0,
2026-07-02 16:00:00,13.8102633497199,77.79168384988893,170.93241486482762,0.9021740548933715,-0.3594161938043652,-0.24846601255898912,90.92221070915906,0,
2026-07-02 17:00:00,12.443961670877428,80.78041994178146,167.45435076532252,-0.09545189586364934,0.37250265643864056,-0.09128448718977056,87.52616324869572,0,
2026-07-02 18:00:00,11.884351717611759,92.80042269134397,178.63481925616702,0.35987897107409095,-0.09734864805834084,-0.49497889627600694,90.82980229653354,0,
2026-07-02 19:00:00,11.971489694098164,79.6900713699314,167.32033559770838,-0.6466364789355818,-0.032094088554248876,-0.01750380500311795,93.58644195247643,0,
2026-07-02 20:00:00,11.593274779357058,86.41623961250617,168.44393170444823,-0.4782181884090044,0.04587624222418643,-0.4055004318144224,88.21011282416481,0,
2026-07-02 21:00:00,13.623301542112914,77.94858396843783,168.8050897830964,0.23620313894018868,0.1261201982133387,-0.5570232250809967,96.2938180173973,0,
2026-07-02 22:00:00,15.539361229040201,82.32505754751519,152.90817133533488,0.7420580142679825,-0.058114521560979085,0.12933057392769406,88.42310719804385,0,
2026-07-02 23:00:00,18.98656986539875,92.55990795266494,146.37233684214655,0.17780667439283,0.10735659158526317,0.10636988792883016,90.09722104002041,0,
2026-07-03 00:00:00,20.343618289568457,81.86516471106117,142.37171842714952,-0.15652901526157717,0.7890590287810922,0.39143686747428624,87.982543211981,0,
2026-07-03 01:00:00,20.307512205457424,95.35633801549724,161.48930141918632,-0.0003542972883229586,0.4927248428076092,-0.21556278478754953,90.66981250776078,0,
2026-07-03 02:00:00,24.3240839693948,91.03875967727738,157.24070927053776,-0.6252038669848587,0.43457729624844826,0.20402642341837784,84.77333492209418,0,
2026-07-03 03:00:00,25.271771969076056,85.7232000264614,176.93313205207218,0.3022576631776834,-0.22776976301193536,0.2753987861368316,88.36187460354984,0,
2026-07-03 04:00:00,26.251281229969553,92.4921657141998,164.4992700824018,0.44116653116170457,-0.44462041411416214,0.22238690391579738,86.7236363989543,0,
2026-07-03 05:00:00,28.339082899153414,94.692401379579,170.24127304176656,-0.22604516641654018,0.4776502791188764,-0.41282684140107107,90.40601504367687,0,
2026-07-03 06:00:00,29.03099952249595,93.10904981108598,177.71054976283938,-0.23502107387975074,0.4380233962648971,0.07468174113559445,92.98334212652672,0,
2026-07-03 07:00:00,28.658686729428744,81.97850553199306,179.348980966577,0.13293911482602425,0.736335337875491,0.18207014802733068,91.93801856134365,0,
2026-07-03 08:00:00,26.088985707052874,85.69444113979786,177.62802595887078,-0.21835986802029775,-0.30199031298461476,0.003589233453970971,82.88502191742333,0,
2026-07-03 09:00:00,25.347641873641177,87.29794072817522,170.18396677669668,-0.03306630731291123,-0.11477432768017354,-1.0432388291855423,96.12620895878364,0,
2026-07-03 10:00:00,24.331263431403563,87.12783285449977,165.1203126290573,1.0498608945832577,-0.8197420812627171,0.08024481198674004,90.8858398218626,0,
2026-07-03 11:00:00,23.04609748794253,89.397455713266,158.13901564805633,-0.12351285037299833,-0.19623555303043647,1.106265519698621,87.670502578521,0,
2026-07-03 12:00:00,19.52082576215473,85.88850500466629,153.89180538083323,-0.1791700760106111,0.4982852552897236,-0.18001963437849136,90.47138375697283,0,
2026-07-03 13:00:00,17.743788662516025,77.0291829809369,152.42045232040772,-0.3237709028175796,-0.23324768961409897,-0.3640385489276606,90.52856946750808,0,
2026-07-03 14:00:00,14.893665025993979,84.40098925502981,155.90900558288843,0.3720959857499684,0.3202398976004119,0.1866742798556991,87.99945384914531,0,
2026-07-03 15:00:00,13.146939126426947,84.51739482048637,164.1252633366762,-0.0906120866090515,-0.09525155299890567,0.15618910523328586,90.59375000202623,0,
2026-07-03 16:00:00,13.884322592118696,83.46882522073301,166.4695849630641,-0.324686519160713,0.16202851411078031,0.5963675827082072,88.17758313713908,0,
2026-07-03 17:00:00,13.628833418258278,85.57427449632776,167.052376279145,0.660652016136506,-0.5738456949078337,-0.6289340779544439,88.78691402192993,0,
2026-07-03 18:00:00,11.927989878419666,84.16961077274452,284.75598835605604,0.7098015022568186,0.04260472481695053,0.3656901262874962,87.94116259273474,1,power_surge
2026-07-03 19:00:00,13.276126287579475,82.46627126469684,174.09504256863394,-0.3002117828693526,-1.4955679854503616,0.29521103062573173,85.70198613078104,0,
2026-07-03 20:00:00,13.433432794772127,80.31904442378456,167.762542507148,-0.9332699756803081,-0.09344807908099242,-0.07107326847027305,90.43750941064616,0,
2026-07-03 21:00:00,13.698025995902485,73.1596614264873,171.52978602900728,0.5037568449184611,-0.8152366218575701,0.169343658960845,91.75589830954901,0,
2026-07-03 22:00:00,16.361395605508413,84.64809109566293,154.29155442933248,-0.342314912880002,0.602997258273408,0.5147287407991786,91.54465078822912,0,
2026-07-03 23:00:00,19.467484205645814,84.74434321030296,154.2080836056518,0.3953127995813843,0.3887036763822556,0.43615769001422516,92.4597757579057,0,
2026-07-04 00:00:00,19.96417396089004,86.35789418597686,146.415888396986,-0.9850519088559178,0.23333549098304052,-0.5715096560368643,90.9730206300446,0,
2026-07-04 01:00:00,23.63519601663415,79.91035234641105,145.84369781668508,0.4462986691496546,0.76050311357969,0.41007909337774223,88.40182350534928,0,
2026-07-04 02:00:00,21.380254895910245,82.09471729795868,159.58659657078647,-0.6055859646403906,-0.4744582604124186,-0.03234430251625924,92.51899159329356,0,
2026-07-04 03:00:00,26.478756753867604,93.80129817259726,163.53339808181454,0.36538205953326225,0.8736815989577791,0.036437049007757696,85.92744738047419,0,
2026-07-04 04:00:00,27.01525029851367,89.13235124963892,174.88775679189942,0.007136533918217053,0.46609578213019237,0.03659849550084725,87.29798585246256,0,
2026-07-04 05:00:00,27.428399259846678,93.23713261830846,172.47257494855526,-0.4769697096983224,-0.11827764360947302,-0.07512149439912999,87.10739978573027,0,
2026-07-04 06:00:00,28.0917607765355,90.1415918806523,164.87906587835397,-0.20351815646339025,0.5678100735914721,0.5958537485535325,93.24016817741793,0,
2026-07-04 07:00:00,25.739837695711657,89.97840982892407,178.58897935745233,0.3431592284783504,-0.5531467562058171,-0.04185897992460601,92.82836554242023,0,
2026-07-04 08:00:00,26.708531342437993,94.02154604880218,173.42567655331553,0.05294722655761712,-0.41225708076383677,-0.5597730641915843,91.46191571113498,0,
2026-07-04 09:00:00,26.013966821004136,85.95531026484586,167.05262414107406,0.2922064902362421,-0.3042948616198502,-0.19676492798486442,93.21578959563539,0,
2026-07-04 10:00:00,25.477894044741543,87.98060388470493,158.8675795057509,0.9882202922577428,-0.2644888540320076,0.0893473584052378,87.36215165276404,0,
2026-07-04 11:00:00,21.55228214254651,83.98271878198739,150.379184718433,-0.7821208058555257,-0.5282788213801264,0.6146073921485252,91.04578535958294,0,
2026-07-04 12:00:00,19.19150639710682,82.82751886283842,148.13896611964475,0.808606287484312,0.6115415335476625,0.3015473424744168,89.6244767148505,0,
2026-07-04 13:00:00,17.427690595595294,82.1600441571442,160.62012400057137,0.052177968761606464,-0.12942720018491582,-0.42526763937352197,92.54064631165474,0,
2026-07-04 14:00:00,16.915402117702087,83.61066885816857,169.422931529673,-0.4493920241615641,0.17625248417843978,1.2425949583394458,89.6543273023434,0,
2026-07-04 15:00:00,14.671896860167324,79.0707229857499,171.85835326509184,-0.6651568128694949,-0.2851756832068403,0.1323876554889898,88.84517133476976,0,
2026-07-04 16:00:00,12.542036565957462,86.94865360894542,164.8762609667574,-0.09456019538851675,-0.9103016502742586,0.6376953689995074,91.62272555568298,0,
2026-07-04 17:00:00,12.78586082280081,75.69733435745714,163.72042935933632,0.46082505596222967,0.13502867919571104,-0.07585721678861457,92.6285075015737,0,
2026-07-04 18:00:00,12.09707754934804,79.0656417791932,170.704431234556,-0.06377456018876711,-0.9561274877098884,0.2666796223527247,87.99496441545959,0,
2026-07-04 19:00:00,13.24123838022034,77.97171557718379,160.4763196979671,0.7555774651236737,-0.034317023042734304,0.41973425225920236,89.81677298594288,0,
2026-07-04 20:00:00,12.369743675847126,87.90476240284647,168.9363466466127,-0.7255878450257794,-0.6841575194164052,0.609097355877128,86.82467809907504,0,
2026-07-04 21:00:00,14.015483603909841,82.44723997662514,163.40412269223765,-0.00604447392302728,0.993637999615404,0.5286841526891125,82.50581694752118,0,
2026-07-04 22:00:00,15.607891846867838,87.65922269734317,157.6698174906588,-7.631843318087259,0.45568136108736085,0.4360985000364889,90.6013788942412,1,orientation_drift
2026-07-04 23:00:00,16.465932691047723,76.27810290930255,147.20286556571642,0.18181594131248394,0.05287689563574021,-0.1575433655970543,91.8267160687639,0,
2026-07-05 00:00:00,20.29612027706457,86.33525132934629,152.5680005328486,0.44344369504865017,0.6318533388273343,-0.2858730209780307,90.78620042726018,0,
2026-07-05 01:00:00,22.33160763300003,90.74224920362978,152.5128767037408,-0.21038089684052663,-0.4231579887328679,0.16630375516209878,84.1513148467369,0,
2026-07-05 02:00:00,24.00511345664245,87.91141994637712,154.15041582144852,-1.3021069283135671,0.2717396893350465,0.46656403617053466,88.94745170977058,0,
2026-07-05 03:00:00,25.422267116117233,93.8629357812595,149.78082455732272,0.09947407339824726,0.09990521685935674,-0.11136035038830353,83.34495671984675,0,
2026-07-05 04:00:00,25.5128324882251,86.74368476842034,167.18293355043562,0.21836927586675475,0.132010040666835,0.5325859828571933,94.10910332296255,0,
2026-07-05 05:00:00,27.306761287547186,96.87636633237324,178.17977450913008,0.20214737748084882,0.6361767500533839,0.7263083727430897,0.3084671740555933,1,comms_dropout
2026-07-05 06:00:00,27.65728548347323,100.0,178.30629607273934,0.617891095911077,0.36624605138990113,-0.45816045953670986,93.76621082837968,0,
2026-07-05 07:00:00,26.92512934109093,88.01543632924705,167.03303524285002,-0.5355268398245244,0.14436183141251163,-0.41846035189813996,92.83760893105244,0,
2026-07-05 08:00:00,26.766917518609496,87.10261441191834,164.30944777387987,0.3401080527252247,-0.8274437181141481,-0.07018752945266822,87.29822894239182,0,
2026-07-05 09:00:00,26.060905106306908,95.80245629152124,166.48600690410603,0.5962537562389875,-0.48002314763973186,0.1538063340945982,86.60164514619676,0,
2026-07-05 10:00:00,25.886185901210535,95.39786072865357,155.00807280405854,-0.8892937920032584,-0.06135446679786207,-0.2622835068835255,91.05111064915901,0,
2026-07-05 11:00:00,22.245130173652026,83.67979508974628,156.68534040114778,0.15982591295948861,0.04668618713832562,0.6761013394335722,87.46702788845079,0,
2026-07-05 12:00:00,20.25755039072277,82.89906591452072,153.8304013919235,-0.25208991550383575,-0.5651018623369619,0.2120334307592256,90.30745392647462,0,
2026-07-05 13:00:00,17.855001723413693,82.29698173018487,161.31104702147186,-0.040761336550822945,1.2058383377892106,0.019723524120369745,88.55151722757924,0,
2026-07-05 14:00:00,14.081228784700945,75.7777474448286,159.49922961760026,0.17383824176916818,0.7581970276267864,-0.7179547619342638,84.6565247566031,0,
2026-07-05 15:00:00,14.316631875058404,76.87120636164627,163.12376687284612,-0.24361428205677615,0.30105916019624174,-0.6579079082137536,83.30859594262662,0,
2026-07-05 16:00:00,13.132026979665527,75.64916914731748,162.93059514190594,-0.3378540395808059,0.03601843064187238,0.14050462514090314,90.68005274548379,0,
2026-07-05 17:00:00,14.73583550217274,76.33138304303401,165.18411475558207,0.0170762087440123,-0.10610448495057584,-1.066297813077418,88.31532676100812,0,
2026-07-05 18:00:00,11.807639035218877,79.8265755630661,168.86760554049238,-0.5436229694314013,-0.4759592300111178,0.5063187048220359,88.3407305492576,0,
2026-07-05 19:00:00,12.574140732021071,81.34144453123726,171.15534405986224,-0.5429125644425927,0.03874025925943127,-0.07907692218616015,92.08759151728135,0,
2026-07-05 20:00:00,13.037085000019248,88.42237544514819,171.88843120685502,0.33968664147825167,0.12887627007137534,1.6215464847973666,93.52032682989733,0,
2026-07-05 21:00:00,13.174467712888076,76.4726958903733,160.12624087032924,-0.574397017579328,-0.6208802877408122,1.1539581253080553,89.18236583591457,0,
2026-07-05 22:00:00,17.142822814515018,87.42161199238292,167.4634428447976,0.33315625045460595,0.16708820862244872,-0.09072453462375837,88.97820387927041,0,
2026-07-05 23:00:00,18.681380671866588,82.63596055335984,153.8207628968376,0.2312956464269756,-0.07762952441237438,-0.05316850126565748,91.50042909934164,0,
2026-07-06 00:00:00,20.79103194704301,84.7526814517378,149.8931635282579,-0.8629033643952984,-0.9539037789386955,0.4977907570010149,85.92919329090128,0,
2026-07-06 01:00:00,21.16116490602543,89.66819268634562,151.4403225063113,-0.33878232616782755,-0.43019250538975096,0.8515863049590189,90.6694591642431,0,
2026-07-06 02:00:00,25.402794310936084,81.88638989218849,147.87879869863525,0.5970547015236862,-0.20680276671082212,-0.8190145287180084,91.65565791546646,0,
2026-07-06 03:00:00,24.255003186700076,90.44758263685297,168.56236260553615,-0.4905827655698408,0.9438438286700952,-0.8931877326773433,92.04069062525289,0,
2026-07-06 04:00:00,27.51506032407577,90.16238805998746,171.0047275611509,-0.23220213115469382,0.2782765622668791,-0.3110174027771907,84.1897418924926,0,
2026-07-06 05:00:00,29.91786223612252,92.2918854514861,167.91187874019028,0.23103044662594824,-0.6677407845499457,0.2913687915869322,87.71593419057318,0,
2026-07-06 06:00:00,27.009463674869313,91.44584321953909,170.33495358612436,0.39169525464129773,0.2430181447088185,0.24843679525379855,87.3652102415296,0,
2026-07-06 07:00:00,27.16110888070977,100.0,171.89821261430185,-0.12576944302224785,-0.7736519944691828,0.5348857274919251,90.29966086322764,0,
2026-07-06 08:00:00,27.027854595363166,86.14142709766561,159.5077787912561,-0.2987550973458208,0.5413455269435367,-0.5998487641826541,91.44223373930396,0,
2026-07-06 09:00:00,25.153378595376193,85.88054913092365,161.4968722369995,0.7111849308492538,-0.2355623259089393,-1.1580719314844383,94.49013122233795,0,
2026-07-06 10:00:00,22.449336568933873,84.38429736787617,163.97132339810915,0.8694498318987894,-0.04681809436958542,0.4290070976510727,88.51510355889577,0,
2026-07-06 11:00:00,22.139115335626187,83.51670962971133,148.90493378620414,0.4894290253908977,0.662898323771095,-0.4140981364826173,88.50728250507235,0,
2026-07-06 12:00:00,18.937696286273876,81.81306436346739,151.4677896608332,0.04265907128251203,-0.643581784292125,-1.009243932194319,93.44901605663624,0,
2026-07-06 13:00:00,18.40304006981504,89.65098743002517,148.39347187893333,-0.4041328608204632,-0.6985590925564956,0.07253187297969081,90.88973081559091,0,
2026-07-06 14:00:00,15.080575765766211,89.60252123994928,162.3321499121676,-0.41522220327828263,-0.29179966317300243,0.39658784410933867,93.80295453356392,0,
2026-07-06 15:00:00,15.893080155525164,78.61073462531988,163.96392821224353,0.26125705263287874,0.5191894255096583,-0.06102856606063863,90.86618400902951,0,
2026-07-06 16:00:00,12.288543477388249,76.50809511555666,159.24484899616124,0.20919911044434186,-0.7596730377384212,-0.22892419309124462,86.52865014386019,0,
2026-07-06 17:00:00,11.950531873481774,82.52744865048668,175.14221329806725,0.7007992964732147,-1.4160777990552844,-0.07968111607295328,86.00061493566658,0,
2026-07-06 18:00:00,12.81351721736967,77.23888477859515,166.32704211600975,0.3252250462680696,-0.2255794292044994,-0.18529138120039143,85.34546325282321,0,
2026-07-06 19:00:00,11.041729073253496,83.33502995733221,165.26725434070948,-0.751540150879909,0.2758703999554602,-0.6740235559700836,91.98615550427542,0,
2026-07-06 20:00:00,13.299256704328618,81.6844880853343,168.3233540618435,0.5259738088614593,0.6001308748694146,-0.3573403384952159,93.56579046926103,0,
2026-07-06 21:00:00,15.650288504790014,73.88574551908108,169.8853223708746,-0.49903031365720646,-0.2315806810426995,0.26063995250690725,95.54808642415914,0,
2026-07-06 22:00:00,14.39251676543879,90.23752600665033,154.92089090510797,-0.1919856359761758,-0.20571330355800121,0.16083927068825005,92.52931599696971,0,
2026-07-06 23:00:00,18.114081497712117,92.68529313996498,155.48478015129035,0.12510010312584724,0.5769503671278736,0.08402990298341012,93.48851573260495,0,
2026-07-07 00:00:00,20.259882794248412,81.93605654757806,152.1440825016529,0.9978337448919822,-0.9348708498477103,-0.4975742409266897,88.25995100203895,0,
2026-07-07 01:00:00,22.852375232597478,84.35558742583268,158.64190893836616,1.5549592780026804,-0.19426038759150463,-0.09075158106783357,86.53075254976844,0,
2026-07-07 02:00:00,22.76304928912188,88.9293269536245,160.88220777638605,0.30336152956809137,0.09521194496252887,-1.0885325232214274,92.55023799725267,0,
2026-07-07 03:00:00,24.336397636408122,90.20781785586787,162.30699642831436,-0.09159830936019393,0.22460936064251713,0.08923833194269487,91.2530422567182,0,
2026-07-07 04:00:00,27.4501447958924,92.62284838228634,163.18255697244513,0.26725282424027513,-0.2549033465954413,0.7144288539067837,90.32233312302267,0,
2026-07-07 05:00:00,28.02439128354573,99.88065182527708,169.7492359410132,0.44382771293691803,0.017220505852920676,-0.7370660660210528,91.16211444189896,0,
2026-07-07 06:00:00,28.250492850345875,89.11526386252976,164.63930494007195,-0.16033381277859585,-1.2441636767064947,-0.29296383665887765,90.96955644737461,0,
2026-07-07 07:00:00,28.073854819809533,85.83814290875307,154.71176410830836,0.8976056779561611,-0.32912420616692417,0.16455338935506478,93.85145057956069,0,
2026-07-07 08:00:00,26.248178508697034,82.43353087884957,169.50330709647716,0.11503537959570104,0.2267543562772337,0.6264213172137418,93.88495675445087,0,
2026-07-07 09:00:00,25.889107946653397,84.88088370622316,168.66180982916197,0.24887154454569713,-0.49114701712733977,-0.2241123081500747,91.63266105702104,0,
2026-07-07 10:00:00,24.29307247329869,87.33436513563102,148.18533782229085,0.3329621260272307,0.029492110794798687,-0.3461251646329482,92.53740861768878,0,
2026-07-07 11:00:00,21.356200942793794,95.26688454310154,150.1277273785007,0.21079330530722784,0.223436250401349,-0.9844615712080416,91.54218765727433,0,
2026-07-07 12:00:00,21.8657745111448,82.41194350481918,153.0957713050261,0.4194702502348061,-0.17127460042888248,0.05171906465405319,88.61649080389614,0,
2026-07-07 13:00:00,18.403280560091652,84.8248445326819,165.46385825060884,-0.3086265932734616,0.08523188549828545,1.021038020071872,92.26969402473942,0,
2026-07-07 14:00:00,14.808696502797366,82.41788551963626,160.10396853837702,-0.27915087697301527,-0.48136628264230613,0.13867923098233795,85.81651479342221,0,
2026-07-07 15:00:00,14.999699359141454,87.40643246130769,160.50212091758527,-0.5500771164858475,-0.10330563984802332,-0.011139489591856658,93.16167465688766,0,
2026-07-07 16:00:00,12.097115099497167,93.30453511044591,166.4060258701646,0.2197506153101132,0.30510808479461127,0.16104115538349273,86.41643118070189,0,
2026-07-07 17:00:00,13.059677993429917,77.51602700395307,176.19289862152226,0.38946825175605704,0.07848648048421711,-0.00554600197430103,90.8574098603842,0,
2026-07-07 18:00:00,13.158595579007404,77.5528027874089,166.77017910437732,0.2288864330759429,-0.29326563478196777,-0.4065071861300649,87.46453812472153,0,
2026-07-07 19:00:00,11.45191107133574,85.39117525390002,165.3225564925301,0.8372462166737686,0.1121082021453965,0.41163995783885265,91.66016694922328,0,
2026-07-07 20:00:00,14.035172898968783,84.07933042920935,164.90679046477868,-0.0027980094145232774,0.357304895318309,0.1128807615558772,89.89822432221628,0,
2026-07-07 21:00:00,14.755926677444084,90.6980027227474,159.3754925824375,0.3343708277962563,-1.024970639288739,0.008806625966828657,85.21573212551,0,
2026-07-07 22:00:00,16.822060159994507,85.41964092662984,160.6133515799739,-0.5458504380696572,0.5795370324779489,-0.487683013639125,91.26209889305544,0,
2026-07-07 23:00:00,19.82624062183381,81.90944432055213,163.29977319439814,-0.1935498512372005,-0.168127369340536,0.6517539659673796,88.26623766950186,0,
2026-07-08 00:00:00,19.754611883997114,87.95327415346154,151.61539636558018,0.34776887878288876,0.21274496662011513,0.33235137266655496,92.6434401624401,0,
2026-07-08 01:00:00,21.316816196462675,91.83761312842715,153.91461339141895,0.424551055371572,0.598623461822614,-0.276460418683651,90.00397706620322,0,
2026-07-08 02:00:00,23.110485570374482,91.60241090598682,158.5409436554223,-0.14698347383209112,-0.685836848615233,0.5009124268409686,91.18626295616411,0,
2026-07-08 03:00:00,24.841043964526918,91.07190406146921,156.3261815802476,-0.035799625929033414,-0.3547205012137733,-0.24878541919260358,87.12729313495437,0,
2026-07-08 04:00:00,26.85110152086139,59.51971807322857,171.73605696142454,-0.7589368733404047,-0.1442743479378524,-0.3910017462555185,88.23200330571791,1,battery_drop
2026-07-08 05:00:00,28.068558585129185,95.67610708367371,280.1277558579896,-0.1785146004033047,-0.39187676056221415,-0.37985155874014354,88.62408409169674,1,power_surge
2026-07-08 06:00:00,28.27669079933002,96.91079495518764,169.09760043204687,0.4451915817598931,0.8674682879184042,-0.8855342765440456,92.57010744072767,0,
2026-07-08 07:00:00,28.55458985934858,93.07317856939356,185.28405436500572,0.28760250805328313,-0.4283860469133964,0.23577119020910287,95.03213126341647,0,
2026-07-08 08:00:00,26.94120512215343,88.49453661733793,168.81427261751725,0.25033286069060484,-0.2777733897434333,-0.9155724391691751,87.58448474477137,0,
2026-07-08 09:00:00,27.110388326649673,89.26910233809934,243.1522058326379,0.02488684359048004,0.10219451580148839,-0.6142219156328813,93.23054443397304,1,power_surge
2026-07-08 10:00:00,23.73534316676205,93.53254483254179,157.86821201897232,0.003531579314088226,-0.6010747630380444,-1.0377940045392666,83.49096774682289,0,
2026-07-08 11:00:00,24.790721527409787,82.20941687057643,160.91860944803418,-0.33016056973672353,-0.19784035587813192,-0.04303484639544653,1.3035393560605684,1,comms_dropout
2026-07-08 12:00:00,20.625667347764992,86.84336654436449,150.56635205268884,0.3494142101012674,0.15872663062508757,-0.07516023013593603,87.12366463143968,0,
2026-07-08 13:00:00,17.07229008276358,81.73921071285062,147.98499101046352,0.2104864721946949,-0.16643020219125562,-0.16334810659318202,85.94247393167784,0,
2026-07-08 14:00:00,14.929107501938905,82.6437241146741,164.59614467287597,0.24600942399639963,-0.04669342944997414,-0.5212888473352881,85.24923483063726,0,
2026-07-08 15:00:00,14.82561816575081,87.85672540710375,160.80141519603598,-0.2630174213337902,-0.26466605622418543,-0.58611687671832,91.2389967364134,0,
2026-07-08 16:00:00,12.848333984398668,81.62536832117733,176.68699695677643,-1.0766714599356222,-0.7572351545903835,0.23218493177328708,89.35779690681642,0,
2026-07-08 17:00:00,12.986593883779557,80.40255360933541,174.71875685435458,0.5485763558768478,0.16079660566961929,-0.27527596585424385,91.13821619281534,0,
2026-07-08 18:00:00,12.473237624573544,73.2007192951004,167.76339052170624,-0.23941872800420208,0.8774665358236208,0.15817916076807237,92.07141805836454,0,
2026-07-08 19:00:00,12.199764477030593,83.90163869869077,175.7235983344569,-0.4313878820215603,0.009200815391719065,-0.44262434306211124,90.7968509795176,0,
2026-07-08 20:00:00,12.225003051656083,83.89729388678317,167.6597856283258,0.34673945595699684,0.11263205862377476,0.09053137138554117,91.97328952845112,0,
2026-07-08 21:00:00,12.82829852582176,92.28073971059456,168.40600399934206,-0.1960063199595648,0.3463613775584297,0.6516390186580319,89.7914031412732,0,
2026-07-08 22:00:00,15.553485047932993,80.96110882523502,162.42366408647234,0.5299681920233109,-0.6346652482733496,0.29308290019639166,86.43901983508276,0,
2026-07-08 23:00:00,18.785846433503277,84.80165641280708,150.9445976270961,0.30850297478834876,0.8512573290648028,-0.2062069091082402,93.17344254246238,0,
2026-07-09 00:00:00,20.21409374413019,86.24691841855376,146.78225083841272,0.3417846616002388,0.10116439821140101,0.12859948517796368,88.23266360165663,0,
2026-07-09 01:00:00,20.824813582108174,94.18136162432998,160.3261849899562,-0.6829778556002671,0.8159284495445545,-0.12033258726510651,87.19321110371273,0,
2026-07-09 02:00:00,24.17318092585114,87.0235223380652,158.3261233394672,0.6059719926932002,-0.3665164977619947,0.003940092347364076,89.46624637258681,0,
2026-07-09 03:00:00,26.04217162922119,89.93064153478441,162.12389330752092,0.13062526561692803,0.9090309612789124,-0.1628055260742518,87.26156724211046,0,
2026-07-09 04:00:00,26.044345794074363,92.36960956750488,162.54489517894197,-0.18463856962310157,0.38757774701739156,-0.0821676029426956,88.7477088540317,0,
2026-07-09 05:00:00,27.881131716258057,90.76267474722712,171.4365118537486,0.07169423367112554,0.2765200429261792,0.10604667653708762,91.0321617646904,0,
2026-07-09 06:00:00,28.058208718446,87.76783192724736,180.31262459621573,-0.88811761644916,0.11701222717657397,-0.49667934979097533,91.04502521773838,0,
2026-07-09 07:00:00,26.58443631248192,90.80007909593688,163.98085195450997,0.20432640574033542,-0.12426430903722469,-0.5079394134949892,87.3065098007231,0,
2026-07-09 08:00:00,27.285990590623783,94.69828576822104,167.44160535905252,-0.5146857540910358,0.6002658292369363,-0.6942712769156055,88.53688388115377,0,
2026-07-09 09:00:00,26.21763877586063,83.40295740887746,171.20323840080812,-0.6763351429217672,0.07017993492402348,-0.800135552251855,93.22299901431073,0,
2026-07-09 10:00:00,25.083051243175287,88.16484837073438,159.60179304377147,-0.7611795931089456,-0.9835348517935761,-0.6086413461102397,91.48920035320182,0,
2026-07-09 11:00:00,23.12435441285507,82.79349115081673,157.4382398832991,0.5563441874949626,-0.5585932308535012,0.07973125340206459,96.22519511804562,0,
2026-07-09 12:00:00,18.622330632042956,90.97523314462424,144.68803235926572,-0.31463169684639436,-0.09292287609637365,-0.44639375774594203,93.54038452122458,0,
2026-07-09 13:00:00,16.991622599264744,76.08997025056854,157.31791638808858,0.7668638549582496,0.15499949158277754,0.2568072321155481,93.43287920567981,0,
2026-07-09 14:00:00,16.515035267208678,79.70539076364207,159.0642786749772,-0.2679007315261489,-0.02829424444994792,0.01735687437628093,85.8363943486326,0,
2026-07-09 15:00:00,14.856931701419875,83.3505254693899,169.07078560213014,-0.8536789787964734,0.6094853948968316,-0.9842521067190269,92.29158105490026,0,
2026-07-09 16:00:00,13.586844456030537,88.4974931272495,173.25743833351254,-0.5582622199743296,-0.9755509320193124,0.3274877921108449,89.84067959490926,0,
2026-07-09 17:00:00,16.125324880342173,79.84161956318972,182.26633473587444,0.6179058100034693,0.0717939682525801,0.40539932279585494,88.34705458938525,0,
2026-07-09 18:00:00,12.570890510693166,77.22400236653401,172.89816586606787,-0.07794908896833376,-0.9089896126935774,-0.4969313374174267,90.50404602159759,0,
2026-07-09 19:00:00,13.408159029868049,89.5761562157576,170.9474981086922,-0.27414364824530046,0.3798561477420842,0.2100957714474958,92.83563460383445,0,
2026-07-09 20:00:00,14.025798533217689,73.42980347899658,168.29242958357548,0.08000911292639384,-0.047229357221001377,-0.4282491187045995,91.50249477301263,0,
2026-07-09 21:00:00,14.994537001813422,70.47043631096685,162.37630415967752,0.2508913680837725,0.20980498601205907,0.0488351883741677,87.36457859597382,0,
2026-07-09 22:00:00,15.684730755359618,84.70007225026663,161.69241921730855,0.5586994079512304,-0.43194148029488305,-0.6322492034774828,92.22737674077786,0,
2026-07-09 23:00:00,18.688416859673072,81.19563365272433,153.69937385135535,0.7242496149464631,0.6397324658288756,-0.8965532262672884,88.08723737377211,0,
2026-07-10 00:00:00,19.22717478546241,79.89383591434643,150.84230488134813,-0.17988432289454287,0.5208623320294257,-0.19140859480648434,90.65004935689286,0,
2026-07-10 01:00:00,21.833733754080097,89.83587746200934,161.76436858009006,-0.6630238430410191,0.2917721515059438,-0.06186447313741807,89.0899497975686,0,
2026-07-10 02:00:00,23.514636452170855,88.71900356885597,154.96728717360168,-0.206732580561638,-0.06475862343172038,-0.19883984680730202,89.34340124479313,0,
2026-07-10 03:00:00,25.738728388878712,85.7151407522491,169.8415284293762,0.13014025329144308,0.28992864264756607,-0.5920152791112797,92.29872892512152,0,
2026-07-10 04:00:00,29.242861796949033,82.92860502556772,173.90608341238814,-0.48187946310530544,-0.35344628399367445,-0.19994953106556854,86.8794188405523,0,
2026-07-10 05:00:00,25.860141417720794,94.19191577284607,168.72817389082596,-0.47857545744752145,0.42777782951035603,0.134647376290367,95.8355852228308,0,
2026-07-10 06:00:00,28.686260190374515,93.2510058897933,159.39072550495703,0.17189394077494272,0.8247404471619605,-0.02244651506126849,84.53674179211652,0,
2026-07-10 07:00:00,26.114690739122892,89.33374981254843,166.27940659030918,-0.024326175785225574,0.5353052799895931,0.0912505152996067,88.20699695023544,0,
2026-07-10 08:00:00,26.456271364486096,98.56331199916053,173.80548080849437,0.016398497705793255,-0.36480123490370475,-0.33505760022711645,91.11063566982523,0,
2026-07-10 09:00:00,26.745804846459762,83.18511007430199,164.0277953122366,-0.37924766735003473,0.18070865863655144,0.5858589573580798,91.75294249930593,0,
2026-07-10 10:00:00,24.064280019095474,79.87237414537631,155.00348883852547,-0.11520035710288366,-0.6465707718793239,-0.5880866682773903,89.69857283828489,0,
2026-07-10 11:00:00,20.992807582890915,82.83455487610641,152.6525062959095,-0.4621165721341522,0.28619515558783787,0.2437801485433593,89.82782789099538,0,
2026-07-10 12:00:00,19.28469629074008,84.77206991822254,154.20310013252288,0.4450992055623934,0.22530170643126943,0.5909455464799808,91.23165025598286,0,
2026-07-10 13:00:00,18.609045388114545,84.92260202110089,157.91004874305725,0.5176246673618763,-0.934908169766082,0.2404540463744477,89.30679156762696,0,
2026-07-10 14:00:00,15.269633368282834,81.29381971071834,158.8053395041516,-0.9230939311190469,-0.5808919219561819,-0.10126211353241502,94.17954377380472,0,
2026-07-10 15:00:00,14.559604340089603,83.22474307663875,162.30801356465747,-0.464755430096205,-0.14156944837188357,-0.2641485233314896,92.5180473426948,0,
2026-07-10 16:00:00,13.117368609628304,74.41217586012559,165.36171733046965,-0.7482646275450395,-0.15042987357041313,0.518043825523128,92.6184730530169,0,
2026-07-10 17:00:00,11.620993042081635,87.38919388892096,164.70646560328888,-0.3250119672034491,-0.6047384677094026,-0.7114874626308365,87.10152982988875,0,
2026-07-10 18:00:00,14.143944089325325,79.58924410803715,178.0768784473472,-0.04171898489518043,13.86601087468731,-0.4850621301898218,89.7618347267829,1,orientation_drift
2026-07-10 19:00:00,12.906512412005458,85.7568500264953,167.70691417972466,-0.724822609849265,0.12573680447025604,-0.1987788827458607,89.09860215383789,0,
2026-07-10 20:00:00,11.04665418306688,82.38349971296633,173.40630067981627,-0.4609299065626566,-0.09713456598925965,0.6188268787559991,86.9831958729316,0,
2026-07-10 21:00:00,14.529600065277009,83.74823218983616,171.7487158833433,-0.5019786860407492,-0.37789575007918147,0.18988381802044801,91.0804925518373,0,
2026-07-10 22:00:00,15.338213535231574,85.348836401161,164.99155449073987,0.10363366469947198,0.5243535632082817,-0.48402287925512266,88.38706272666055,0,
2026-07-10 23:00:00,18.781880973976026,85.94444757457396,153.01827933846025,0.03467216851812521,0.8277035565441476,-0.15515385269245183,91.96621148955072,0,
2026-07-11 00:00:00,19.207479261567222,88.21361379933768,152.01865045168324,-0.36086877666862666,-0.24178074192326854,-0.3071615720481472,86.789425311317,0,
2026-07-11 01:00:00,21.95581591935326,92.93985787617476,155.0554028700958,0.08841043606969899,-0.30608345857741037,-0.35489449611676754,95.15712183852546,0,
2026-07-11 02:00:00,24.50498727898046,88.48260584850735,155.48149069634937,-0.2733400422936327,0.24560383270599814,0.4894447792783896,87.31100202422381,0,
2026-07-11 03:00:00,26.52260944366251,92.0805526938753,165.763932032339,-0.13582755516302664,-12.842055401062495,-0.6858715646317528,90.65790701160131,1,orientation_drift
2026-07-11 04:00:00,25.727906823219715,88.88144854748604,161.42530911988973,0.8367260451492685,-0.06969860033161708,0.8043904278671867,92.3755779311642,0,
2026-07-11 05:00:00,27.392905374471592,97.03021520869271,175.25691346808918,0.670230525895174,0.3698265758623357,0.4141148450923114,88.28807870939966,0,
2026-07-11 06:00:00,27.525054688839045,86.61803848970365,167.67691351350803,-0.6497906184637988,-0.9546780437536464,0.545430835301849,92.55740593029886,0,
2026-07-11 07:00:00,27.074077377738835,98.83433129599942,170.32431480514558,0.41486620893958726,0.6591511624263346,-0.23146975601262915,86.31244920659876,0,
2026-07-11 08:00:00,28.693657470556627,89.1293372657005,168.73694743341954,0.40569827724579605,0.03634026216467067,-0.07497035953955468,94.35635309754768,0,
2026-07-11 09:00:00,26.061835960453397,81.38165839534254,162.8476107552107,-0.5741316443763091,-0.2057465722810901,-0.716575907262356,90.04244779489727,0,
2026-07-11 10:00:00,22.739116045664968,88.14052207455396,162.9334690073764,0.4093888218774303,-0.04461707711072446,-0.2623312035334015,88.21076577609337,0,
2026-07-11 11:00:00,22.98841430787489,82.88883693813817,152.80186261893766,0.7689659592062764,-0.018785322489740634,0.24682742382157544,89.10245468271769,0,
2026-07-11 12:00:00,22.122156197012625,89.20321774494361,154.35648648728625,-0.5612724031222069,-0.8656006517224627,0.6480315308906981,92.42675780817815,0,
2026-07-11 13:00:00,18.961912899731015,80.44278487797547,148.44648250081656,-0.4587514105071318,0.747469113726618,-0.5535784084012259,88.24663412444869,0,
2026-07-11 14:00:00,14.480630034045959,80.26908283392609,160.6318978977321,0.5088307334217512,0.020662816135309233,-0.18275296849263292,87.75192693173167,0,
2026-07-11 15:00:00,13.858911677641379,72.0167624393396,173.83678061902233,0.135747655412824,0.2215010652236876,-0.07564961011626116,89.33539020724879,0,
2026-07-11 16:00:00,14.338707918911144,78.40834138483245,162.31885145266082,0.2757381376197616,0.4757748852870214,-0.6978946010962426,86.4691136616901,0,
2026-07-11 17:00:00,11.56492392406867,68.05097423540987,165.92979167315713,0.1702946082002484,-0.5105812287801501,0.29567462087920016,95.46163172382545,0,
2026-07-11 18:00:00,12.443819428146229,72.08048588257138,172.56953924829457,0.19534796046407207,0.23673594951761423,-0.36199516587130454,88.30081622635583,0,
2026-07-11 19:00:00,13.04722744311677,83.97244414927613,170.21642543547944,-0.6632360641555415,-0.13382054544939678,-0.09769517558851198,92.49485035854121,0,
2026-07-11 20:00:00,12.144866298146402,84.59887377433196,169.0736585720566,0.5236588533107241,0.42338538760824684,-0.22597468595593884,90.62841025094332,0,
2026-07-11 21:00:00,14.28362039444578,83.59175390299205,166.58807127446937,0.5847949962138868,-1.0636137101757477,-0.39466925285983717,87.0463978485541,0,
2026-07-11 22:00:00,12.758732659930939,77.66511928435393,163.17360734280882,-0.11469537203401388,-0.0495471501206345,-0.0035224927402773497,89.98213587236181,0,
2026-07-11 23:00:00,16.905059997845512,83.46734799377748,160.7248801118316,-0.021738474906931215,-0.3014103278919808,-0.10780478928401119,92.35200833793225,0,
2026-07-12 00:00:00,19.747431848606876,84.98198730454719,152.04909328464265,-0.7655537512778611,0.21613147531707774,-0.18592894113933278,89.43521599474109,0,
2026-07-12 01:00:00,20.822769178855307,80.50227177954987,153.97009262895767,0.25712737800891744,0.23502209368410107,-0.3642308108401714,93.57933883755308,0,
2026-07-12 02:00:00,25.63241130393159,95.01699150883573,163.36286850601354,0.28602872085707204,-0.35381294741101305,0.15976233539147772,93.0645461783456,0,
2026-07-12 03:00:00,24.226712871531756,92.9223453588111,173.64154529820706,-0.031095508499655502,-0.3560869320880218,0.8268086342461425,92.75674456397499,0,
2026-07-12 04:00:00,26.48815874357851,88.22530614977387,166.65733934377587,0.5621766799352513,-0.05533268427866472,0.06994361641956369,88.621029683181,0,
2026-07-12 05:00:00,27.858147187598618,89.96405832641798,164.4458700024281,-0.16703861548997026,-0.4483211136576041,0.4980591074555645,86.76047265665554,0,
2026-07-12 06:00:00,29.441273289066114,91.04191403973776,175.53540334643486,0.28230296294680013,0.42099184772606346,-0.6951109625767313,88.15923718391161,0,
2026-07-12 07:00:00,26.29154445913312,79.62095478932389,168.71661070601343,-0.5098321693460578,-0.18460360022372307,0.07888071964688474,90.58872282200016,0,
2026-07-12 08:00:00,28.091366982430458,88.0942401063192,156.45716034561858,-0.01177607543711906,-1.4534941096608207,-0.5486841594855333,91.63736014059707,0,
2026-07-12 09:00:00,25.667087310511988,85.12561266594376,168.3792440094831,-0.08717712895141792,-0.18741102831090306,-0.7384624637659507,83.48528578571866,0,
2026-07-12 10:00:00,23.018491348952015,82.4918999505254,157.3233590702303,0.11265396102047079,-0.5192719104219862,-0.36968570372951814,89.97566039516475,0,
2026-07-12 11:00:00,22.532655835083442,84.88859376108283,154.72371449052963,-0.1847634644166793,-0.8156379077304727,0.5959496672067864,90.47426767596956,0,
2026-07-12 12:00:00,20.19905969557352,93.98843263424764,151.65990165284518,-0.0657362978358339,-0.6187133191112862,0.4750079143348228,89.16736723105335,0,
2026-07-12 13:00:00,17.329230762021023,86.91011908082243,156.12887930094578,0.41302358572075315,0.05470423591648503,0.12150236102719984,93.87382151704763,0,
2026-07-12 14:00:00,16.069802084990044,79.64410505108603,163.54725908569515,-0.21838211861910872,0.6643204141241156,-0.7663502799449654,91.26534022275261,0,
2026-07-12 15:00:00,13.95783215364591,84.32738000084808,161.9647037708816,-0.8032885503693397,0.15659223693249,-0.0981403256939684,93.93057572424269,0,
2026-07-12 16:00:00,13.185314114975741,87.66665016400782,169.88603706656917,0.8747919521027103,-0.30325169410786984,0.15085000445086777,89.3521184389493,0,
2026-07-12 17:00:00,12.934724064208512,84.79353928311852,168.02078313786174,0.6907270393452433,0.22795209758535134,0.08776811478929895,92.81243247752077,0,
2026-07-12 18:00:00,13.586016816145353,80.29815184960087,173.6940524044375,-0.6461313475528093,-0.22954515510949589,-0.9218967917403729,94.90519918358255,0,
2026-07-12 19:00:00,11.034777890860598,76.93568698002679,172.39535394584664,0.3448539026225972,-0.3473001845815723,-0.4451589240099359,93.93508034781799,0,
2026-07-12 20:00:00,15.204830144380779,84.16098954914577,162.64331456546574,-0.25148738527567155,-0.5771813341164922,-0.032038882074358316,86.7235752197138,0,
2026-07-12 21:00:00,12.391057950985116,83.43189302117601,169.57204620460612,0.13174360766552978,-0.8759144033758596,0.26814545475859497,89.23897176737286,0,
2026-07-12 22:00:00,15.848214904964376,86.97596610013863,157.32018277442987,0.14711206450674685,-0.19496185327972265,-1.0980639105499732,88.96450588365062,0,
2026-07-12 23:00:00,18.51776484566443,86.88176378289725,159.2166698934561,-0.117203900158161,0.07902674496006593,-0.08106198773992922,91.46776360522898,0,
2026-07-13 00:00:00,20.280991867735008,90.24776357659667,151.83643656700676,-0.39188283279319824,-0.04831183500744486,0.07152438493947617,92.0590606650436,0,
2026-07-13 01:00:00,21.447852840999506,83.61791916770973,164.36729928602585,-0.3452705261581297,-0.2079834639736793,0.42480599425810656,87.48332197792278,0,
2026-07-13 02:00:00,23.791877749642726,94.08697032817163,158.88267008814074,-0.45809595774062123,-0.47287303034839057,0.34642879211871835,90.20351554175082,0,
2026-07-13 03:00:00,25.163853314833514,89.52353192939472,162.39555164313987,-0.41591110411522236,0.30412309584248426,0.2912856594044026,83.94021800353158,0,
2026-07-13 04:00:00,26.338838473331254,99.70643138204849,167.22341004625,-0.03358914502467763,-0.6585659599732925,-0.3999702533509671,94.32583501740567,0,
2026-07-13 05:00:00,28.577008707333565,86.38369004099751,167.80261761160997,-0.3578799945553759,0.3880139569217377,-0.9540010685616538,88.46287727796992,0,
2026-07-13 06:00:00,28.357015485965047,98.67981901582624,173.99970950971024,0.34102603285630995,-0.5011085094633624,-0.19652637853070049,90.16759181953348,0,
2026-07-13 07:00:00,27.03449701505189,90.81918304875859,161.23696348359843,0.7436230776679637,-0.3762176186765175,0.50081591260428,89.07105085803582,0,
2026-07-13 08:00:00,27.82780310570878,86.07303700084996,162.05209597995704,-0.2900266206850215,-0.7333925953078385,0.6967272637622157,93.43808272504025,0,
2026-07-13 09:00:00,25.96415377036897,86.11610473566111,158.80312101583493,0.11970225026768853,-0.25070107344281833,0.35527455114889267,81.48748067580786,0,
2026-07-13 10:00:00,24.81286211883898,85.89826345902841,164.75153795986793,0.24984255515146692,0.48765622923898944,0.21467041140086718,89.95016897302227,0,
2026-07-13 11:00:00,22.700181202743842,88.41492495752223,163.72944776496018,0.2360011354596372,0.25781404422197823,0.18981982419298274,89.68254372750691,0,
2026-07-13 12:00:00,19.171004989077925,87.6141774401775,149.47775390731263,0.037977633958043704,0.48921105601401754,-0.2780593733803903,88.63909083722496,0,
2026-07-13 13:00:00,17.369266598982904,80.83740475479453,154.33227228610025,0.3713412091798612,0.2610712729669679,-0.06503014677681002,95.17867963690689,0,
2026-07-13 14:00:00,16.747293605123335,82.37822703869513,160.35026081556572,0.2411244763403286,-0.5518349142651846,0.8345347629131655,87.33801162343269,0,
2026-07-13 15:00:00,14.953516015941096,92.1758178871266,169.9515271367719,-0.6188312111636489,-0.16539461216377868,-0.47127900289593816,92.31538853170699,0,
2026-07-13 16:00:00,13.050895175760374,89.30758883158138,162.6837424047358,0.4345780321946366,-0.39009956455873135,0.8073893953549257,91.06875836611825,0,
2026-07-13 17:00:00,12.389920772996234,82.35198921692482,170.5103614394553,0.44364541863337104,0.6652874520195201,-0.1610140772460292,93.78455775760655,0,
2026-07-13 18:00:00,13.277664895788424,80.190017390841,174.87598814891214,-0.3816430520892908,-0.5983943232131558,0.6627160545475392,87.99843274566749,0,
2026-07-13 19:00:00,11.681022000851632,80.77052750214598,171.82398737548058,0.018968917723801014,0.44684884469455544,-0.7034075047487691,87.80109330262873,0,
2026-07-13 20:00:00,13.618894150894521,83.73746284472989,168.2684161586825,0.3416644964055347,0.4464769350543846,0.29295210058232457,93.2882097224322,0,
2026-07-13 21:00:00,14.140953098073684,76.3505032680752,169.14736608656676,-0.10465690978968079,0.9148101008580436,-0.368385067973811,91.27596392499034,0,
2026-07-13 22:00:00,15.782318796772786,81.21311731288327,146.4838385350038,0.5364890238830059,-0.20484329631474868,-0.7076335959620937,85.36518795996972,0,
2026-07-13 23:00:00,19.028224491166988,75.36298440509944,158.56575749970506,1.1819362473096804,0.35616107979008105,0.10926702120547284,88.38208495661019,0,
2026-07-14 00:00:00,20.825416348987947,86.99611561302633,146.7296215843631,-0.3929930163174912,1.1408259182694214,0.5047358942979844,91.15914796154418,0,
2026-07-14 01:00:00,22.88406199682079,89.5300749240263,146.02321641776808,-0.6905223015768874,-0.3088208384668483,-0.4224707192967482,92.51329266463976,0,
2026-07-14 02:00:00,25.30547880715428,85.0840676885031,162.55601299762478,0.15190929780243786,-0.7675201237661798,-0.7495079802292006,87.96230804042114,0,
2026-07-14 03:00:00,25.677858091125145,96.4054677223829,171.01042834954578,0.36078125256307175,-0.9400050169538818,-0.045922382167477564,81.25723203054918,0,
2026-07-14 04:00:00,27.610156201570458,83.20129870391048,166.63326550255027,-0.11543318692238448,0.35635601443066567,-0.04371766438859054,91.5696695572111,0,
2026-07-14 05:00:00,27.4171398537191,82.50775473039624,174.08288926179608,0.7266303316605172,-0.9415751040292919,0.27415981377724935,86.33903793016808,0,
2026-07-14 06:00:00,28.324166352488444,91.12225909279987,178.06139128994323,-0.6693028998616244,-0.18615952646896142,0.4747972856822441,83.94798360563277,0,
2026-07-14 07:00:00,27.597263555944874,95.06512064450612,175.89308879370165,0.34645931151580556,0.21865659351948036,-0.029707590636247047,81.50302222504757,0,
2026-07-14 08:00:00,27.025199195268222,97.74976547621152,175.52033072254574,-0.3029304103794467,0.09258776841495703,0.9277516573971315,92.44194258059322,0,
2026-07-14 09:00:00,26.25201127492932,86.24111259158805,167.85277307909047,0.8596889531036483,0.21272243209208613,0.11211737226764588,90.3858523512149,0,
2026-07-14 10:00:00,23.181779316766594,92.89340416715652,160.37716819450813,0.9962576765840592,0.11114492790042703,-0.1732132530034498,89.32303085786324,0,
2026-07-14 11:00:00,24.162939636505637,86.10155287800907,147.1665518425646,-0.38332829389167394,0.6394329066566966,-0.805783679551414,94.16707308888829,0,
2026-07-14 12:00:00,18.99398261850035,84.13686350029593,148.7696875593504,-0.27477856795429006,-0.4761581903693985,-0.13132976015808387,91.91197404906922,0,
2026-07-14 13:00:00,16.715259026392197,88.12420446192081,150.96014792546922,0.42979394348990096,-0.33849756922926566,-0.16819347270556811,94.84890012816575,0,
2026-07-14 14:00:00,17.158110873500096,85.76161439206712,170.85471358748902,-0.1935653248947573,-0.386329722635412,0.4801523981407352,85.82179358349902,0,
2026-07-14 15:00:00,15.13480844447053,73.582505309146,163.26270656156933,-0.02270560896611911,0.4150959059313051,0.23124181203342703,89.89634812813811,0,
2026-07-14 16:00:00,13.695916586776708,88.05257472970732,167.93653210961105,0.01269421027120509,0.4501992941975318,-0.5896845608163086,85.14985987515595,0,
2026-07-14 17:00:00,12.900938898951749,87.07082763929193,172.07594340598365,-0.9598365780988282,0.2256126596592541,0.08612719320551875,89.3118530044336,0,
2026-07-14 18:00:00,11.987753227153085,76.87218649245236,170.21801223186228,-0.006918873047118625,0.5917468334449639,0.3357655858645267,89.25415243869996,0,
2026-07-14 19:00:00,11.375339018201617,82.1493885357417,177.79377172793514,-0.3448638870320869,-0.5890204336881903,0.7640156796939164,91.87984091178922,0,
2026-07-14 20:00:00,13.147601327918236,83.14002391249151,164.20726126701646,-0.246561411199886,0.8336120557755685,0.4437519837070297,90.13669164342569,0,
2026-07-14 21:00:00,13.665984038995505,82.7678349231868,165.11517289991716,0.7218160017344071,0.7616193108561291,0.3804233271557389,91.87022141483975,0,
2026-07-14 22:00:00,16.975119733417806,79.74847423077293,156.2876470715096,-0.6282534471396282,0.36781099862287336,0.030042997307581806,92.11032039941668,0,
2026-07-14 23:00:00,17.7823902576776,80.34778793479708,148.5762683459471,0.40660259337398863,0.89089945438553,0.1941560027117248,96.46478603214942,0,
2026-07-15 00:00:00,19.17450280320746,84.87222964504276,146.94115454547364,-0.13948146516590426,-0.8283116038388869,0.6247524503530794,89.05411003414163,0,
2026-07-15 01:00:00,21.7491665191671,92.15774032180938,154.9911969168082,-0.1398800842479172,-0.2622240681313259,-0.6663886987398249,87.17693189800086,0,
2026-07-15 02:00:00,24.412931454275622,90.21800077297216,157.8534888774137,0.39518594802585566,-0.36765173034097615,-0.17471966360847796,34.381260172182365,1,comms_dropout
2026-07-15 03:00:00,25.093129696688372,86.68246224550218,160.6800307243616,0.17002564728444522,0.3607396618786716,-0.38628437437812035,87.59315991858136,0,
2026-07-15 04:00:00,26.105982834709085,93.18862057216393,160.28892075732963,0.2853064986097655,-0.5250703698010728,0.18957655936306206,94.44588230530961,0,
2026-07-15 05:00:00,27.971093821804423,75.58691602829494,168.9029886626378,0.48409233026643056,-11.162027954888732,0.6151110878253938,89.1503458831643,1,orientation_drift
2026-07-15 06:00:00,28.244966571108723,95.74382850186052,162.476398129845,-0.16565419159166136,0.6852680719983567,-0.29848714336053694,88.30327089637802,0,
2026-07-15 07:00:00,27.220463434941415,81.13106023755485,173.1187963442294,-0.30611836725387515,0.34760145004199966,-1.195152183734719,88.58605283654664,0,
2026-07-15 08:00:00,26.45716492465721,87.51792231190655,167.73270684036135,-0.542575263278899,0.14187551183075056,-0.20611037251223507,92.15525227041492,0,
2026-07-15 09:00:00,25.888904186850002,82.937184432802,156.85437812640626,-0.41270526498947757,-0.4939366704503746,0.4567368660087033,89.52675905030554,0,
2026-07-15 10:00:00,22.551915658502697,81.02659262139548,158.45395461475073,1.4745472126543626,-0.4234254830626823,0.26881495147493983,88.07499953960885,0,
2026-07-15 11:00:00,20.663088586443568,92.09822916240518,151.41559887409738,0.6223397903683934,0.6248094526483333,0.21409312390528806,94.99605575287059,0,
2026-07-15 12:00:00,19.281555778747677,82.66149399344062,151.59587255209618,-0.6755371831040107,0.3896745019526662,-0.13999665093723987,87.43149047801475,0,
2026-07-15 13:00:00,17.71600048746803,85.438424183141,161.87863313216604,-0.6612289783717851,-0.01950975968877206,-0.6395153681098932,90.10669822209898,0,
2026-07-15 14:00:00,16.310907565598082,82.26539710560412,150.6241376517711,0.24093303085924575,-0.20895477288294528,0.2576471608122337,91.95691845483069,0,
2026-07-15 15:00:00,15.818501967457186,83.84967023018288,164.717266019468,0.2736323986889835,-1.0129039365556884,-0.4171409050173124,85.10599466874878,0,
2026-07-15 16:00:00,13.929456392926545,81.0539824363791,166.51984409785547,0.2744419176586822,-0.5354262093422194,1.092048366690228,91.44078150421778,0,
2026-07-15 17:00:00,12.112654859724028,73.75540974761181,172.67521690803372,-0.12747789677684893,0.9557095435698617,0.285253604177258,86.83467697355866,0,
2026-07-15 18:00:00,11.98098379209731,84.9813340972357,171.06598314118844,-0.06272713000145011,-0.6402277855012334,-0.29032415127697553,92.46834834250201,0,
2026-07-15 19:00:00,11.270064025049622,77.70158795274808,165.55866986708733,0.1639397620796787,0.09473991061054032,-0.3056926236943141,87.11204696424308,0,
2026-07-15 20:00:00,13.053283633732093,72.88696348777904,165.7252383973557,0.042946503146665205,0.5037219865975993,-0.04647210330679414,92.07830709554658,0,
2026-07-15 21:00:00,14.054487111587436,79.32389028923767,160.16200633971363,-1.1096501863737676,-0.6274613340011462,-0.11975096101087489,93.31749919888414,0,
2026-07-15 22:00:00,16.322718560338092,90.00379895317155,165.380035692993,-0.11489981528759691,0.09235523739054165,0.5584168877649771,92.58430957689842,0,
2026-07-15 23:00:00,17.102216695627472,87.95701348505483,155.2829391454102,-0.4257032171301568,0.4689577687553275,0.09320808487202316,90.75394994471431,0,
2026-07-16 00:00:00,20.5193465142412,83.25673932796072,159.50595342876508,0.08760570945425603,0.006249660953625167,-0.36581586945426403,89.30609717121091,0,
2026-07-16 01:00:00,23.603291273822617,84.54780670392037,154.87307683297698,1.492629501301705,1.4342015278333842,0.9452203425778913,88.27074127099547,0,
2026-07-16 02:00:00,23.89123985154309,85.89182474391306,156.45796616544754,0.1837408327371522,-0.8342996294390976,0.024654165760111316,94.41310407245132,0,
2026-07-16 03:00:00,26.058565971591324,98.91927382373694,156.57356366066682,-0.15676484308619895,0.5293642649419394,0.3844198379844484,87.90151433949707,0,
2026-07-16 04:00:00,27.618347221986603,91.23980428007995,158.30480969440902,0.4609007509886261,-0.08640086869823219,-0.30411325372237963,86.88880177929,0,
2026-07-16 05:00:00,27.326186138426717,91.97983736740069,161.39783681075392,0.24134394360460634,0.38596007741833754,0.1815578138722617,91.99610680509849,0,
2026-07-16 06:00:00,28.224092481810416,95.15141727015921,171.33563325505742,0.21004724522592064,0.22065357584962292,0.1555549955715976,87.61158959044052,0,
2026-07-16 07:00:00,27.739999011094326,91.0235749265779,171.86214164193098,0.3034252966078355,-0.3665780985549983,-0.9448246460480765,87.14980950760162,0,
2026-07-16 08:00:00,27.025879328824395,88.03491628981871,159.41455456552825,1.0282717824147707,0.11449819622967013,1.00763755523032,85.6691872134907,0,
2026-07-16 09:00:00,24.883844465636937,87.55378466050786,168.6173271941116,-0.5654442176629578,-0.9289507256991436,0.6453222304612736,88.55127048161845,0,
2026-07-16 10:00:00,24.024510174259014,87.14199370292972,157.58469474158298,0.23681603840572724,0.3016237502856969,-0.19859765807299382,89.75185492831052,0,
2026-07-16 11:00:00,22.56855065206563,86.1079840429634,155.9103459619782,-0.4631905649907692,0.14907923299526282,-0.5511348702279277,90.7292751829821,0,
2026-07-16 12:00:00,21.451143607795103,88.63814771818494,158.06110314127727,0.27775632317112414,0.3193300843215512,0.173780806901776,92.85391873289845,0,
2026-07-16 13:00:00,18.88871846526503,83.96563420352389,159.66057748137808,-0.4593432557430472,0.5290591625435751,0.04334884970719829,91.58069377099739,0,
2026-07-16 14:00:00,18.153182457511488,86.16320038607785,158.657346760471,-0.2086834068025422,0.18380992010485545,0.1778344742816147,89.42738334134046,0,
2026-07-16 15:00:00,13.575798187619627,81.06088319352439,159.68617449665436,-0.14754495711895316,0.0740447098991381,0.09578869809704481,89.40541297086084,0,
2026-07-16 16:00:00,13.944117406445175,81.06304893265826,156.56143106904224,0.4879083596723545,-0.4405341683306461,0.25312049465296305,91.53047240674555,0,
2026-07-16 17:00:00,12.45593539542582,70.17936744589413,165.72274992956923,0.4592272219712069,-0.3561103818245255,0.7236528496959033,93.8177104887857,0,
2026-07-16 18:00:00,14.189802933217672,84.5816383735124,168.94434880586152,-0.6228586882231922,0.5933673100886655,0.28405160256432305,90.3789425984496,0,
2026-07-16 19:00:00,11.464295104332294,81.90281324804462,164.38261889002547,0.027467055499924363,0.7181677028529893,-0.5248277494549706,88.59260743736877,0,
2026-07-16 20:00:00,12.232074927543731,85.65992353037608,166.66422324022722,-0.3547899273745863,-0.11905521815602703,0.681281426356226,87.02140199674336,0,
2026-07-16 21:00:00,13.74375310506351,66.98318920309876,164.526395038525,-0.6292524553376673,0.02300137362663706,0.8203072817441437,85.66438420676332,0,
2026-07-16 22:00:00,13.876104275690146,92.94187352390361,158.87572009095973,-0.10850852521218521,-0.45230718749688303,1.5760283672560425,91.99880901613056,0,
2026-07-16 23:00:00,17.403692617498976,83.00795663371147,151.92636799793334,-0.15424139422790986,0.5863784226337224,-0.561747016619799,91.73393557091867,0,
2026-07-17 00:00:00,19.24086733844627,90.54091408368757,150.84327335983372,1.2133582431727612,0.33270841184588934,0.1214410065751375,91.73209057531999,0,
2026-07-17 01:00:00,22.22094614729641,81.09456558988497,157.38608414989756,0.21647991268034808,0.9706087182318746,-1.0410493515944936,89.61402166094383,0,
2026-07-17 02:00:00,24.34175597577715,90.56386952531285,154.54800461278575,-0.6888087503771186,-0.43916153858986945,0.27657457818960457,94.22080423767525,0,
2026-07-17 03:00:00,27.533025088708307,83.26845609006449,171.19679752246242,-0.28238700208547113,-0.1890039495091086,-0.2741001490833863,88.54764451624554,0,
2026-07-17 04:00:00,27.878627068461512,86.21128221544313,166.82756741426735,0.5106916477146992,0.11572296126278615,0.9617228974124766,92.86580771162161,0,
2026-07-17 05:00:00,27.150502954650136,99.39978590077926,169.4127646405056,1.0442213864349625,0.32324476886288533,-0.38730748500929096,89.88377131503137,0,
2026-07-17 06:00:00,27.10158532865164,89.04658799618326,173.54107211628278,-0.7929916561189791,-0.10783381877381616,-0.8445915189836308,88.17494770596198,0,
2026-07-17 07:00:00,28.219325781819055,90.91679349734396,170.4845971820989,-0.9399621925695225,-0.4364805452268502,-0.23563187035125982,91.77759092195329,0,
2026-07-17 08:00:00,25.607970023254893,93.68046567236598,172.08619124525507,0.9354825876858911,0.44070376446178555,-0.9877438856085687,91.22890835605197,0,
2026-07-17 09:00:00,27.488313015346723,91.01394334579575,165.57775644974004,0.19480708868545193,0.3605676812727908,0.37554972725365504,91.07091827780077,0,
2026-07-17 10:00:00,25.17944012072141,88.25209452571795,289.7920421639309,-0.43414636593818323,-0.45813705028186247,-1.0325415231281603,90.2438352661686,1,power_surge
2026-07-17 11:00:00,21.60137670871553,88.11890023784377,156.9838985280811,0.26731454306121766,0.6777214005527479,0.01422879059157944,89.8863207548495,0,
2026-07-17 12:00:00,18.286865470909127,97.01707792619138,144.2813689633967,-1.3178738695084389,0.5850993545983019,-1.0389059099280984,97.16511597861131,0,
2026-07-17 13:00:00,19.283320013345293,83.41781078931949,155.71917943093294,0.0016877532985804995,0.06714824862389644,-0.16014890226832096,93.55276993558851,0,
2026-07-17 14:00:00,15.885460154747364,83.50549523357482,159.83385004677774,0.16391058642154263,0.039798931188018194,0.821689077902267,92.16848068495653,0,
2026-07-17 15:00:00,15.580962062481099,86.71773807410534,163.1015513373682,0.4621350697689149,0.2770288855579536,0.18032394571789748,90.33539747461016,0,
2026-07-17 16:00:00,11.477369110930102,86.1975026458677,166.67782051849417,-0.5069479761462689,-0.43085153512812907,-0.431746802482467,93.02147160179001,0,
2026-07-17 17:00:00,11.67321836673371,86.10552239635658,159.9092712982931,0.04284358070167952,0.015015739582041086,-0.015601744469541988,91.55398432917436,0,
2026-07-17 18:00:00,12.005243699718184,83.19365111014592,167.2563754612952,-0.46271231302979365,-1.0761917723045902,0.009008436022223293,90.0786142583221,0,
2026-07-17 19:00:00,12.319573983452171,74.45534630490222,169.782741031487,0.12769187783715855,0.43822782275146777,0.23631517292170282,89.08930702420226,0,
2026-07-17 20:00:00,12.621731298245235,88.83703064258329,168.1197900356758,-0.44767316118151207,-0.7807466112209297,-0.6834291816404132,89.75724798701194,0,
2026-07-17 21:00:00,14.96599568285507,75.73273912897379,159.00375991910127,-0.2040504195801103,0.7517099142144995,0.29628363692366533,80.48872279236583,0,
2026-07-17 22:00:00,14.932379570617405,84.01317732619516,166.3285392043235,-0.49790769739511453,-0.16506004698322516,-1.3521958158013876,90.63180251789292,0,
2026-07-17 23:00:00,17.787068154158607,79.93452552439065,150.84550666097775,0.3255681209118285,-0.10583349096558844,-0.3149422761819052,88.53457175966892,0,
2026-07-18 00:00:00,20.12029563171181,84.67930826703498,154.84728600263392,0.42922555832833265,-0.3138669530422528,-0.24413692122577232,94.77800999484865,0,
2026-07-18 01:00:00,22.584991194878892,87.93790727702999,157.3123527114088,-0.1173102849787069,-0.1440194369610382,0.31666341303561923,90.05803221243526,0,
2026-07-18 02:00:00,24.711614878088835,89.10678607725133,156.76886345078086,0.01911899748001417,0.7092656725740183,0.01131542633843457,86.43310974139511,0,
2026-07-18 03:00:00,24.532212157654513,90.64513767710916,173.01869008677852,-0.7242957073167721,-1.2439043282675397,-0.7027815269281433,89.85035953761565,0,
2026-07-18 04:00:00,25.394089059539862,97.39868336421542,161.3523239169063,-0.14983832400339353,0.6384826930440939,-0.4924965629085076,86.86163674481249,0,
2026-07-18 05:00:00,29.005083432211062,92.09730063901524,173.9142873938314,-0.02510230852087239,0.16901174055085408,0.09934000477370344,91.4202222471374,0,
2026-07-18 06:00:00,28.33231401197959,88.77921682354676,175.0029115902149,1.3103965455149875,-0.6035108239286078,-0.039533670932278143,90.87284209301846,0,
2026-07-18 07:00:00,26.978920073756008,94.65006497288715,165.96541548039818,-0.5559835128870818,-0.5376561965246189,-0.2895620548178732,92.8735188933248,0,
2026-07-18 08:00:00,28.47935520579803,95.2774794635454,174.2828345760104,0.7320886193762187,0.8381965136041015,-0.24041689475598968,87.62735462491631,0,
2026-07-18 09:00:00,25.772528883785267,82.3974948302478,162.89190305073623,0.498429386732904,-0.4727534399713656,0.3480839985796445,90.10202428868445,0,
2026-07-18 10:00:00,25.179297184063802,90.48700034924927,161.44346814639923,0.1403182022450682,-0.5766752552979797,-0.25884628643460733,85.90493461372009,0,
2026-07-18 11:00:00,22.13807084223029,89.79995893706712,156.47799009590656,0.8793102420975667,0.5686572711823646,-0.04404562201453664,92.10448434577414,0,
2026-07-18 12:00:00,22.060747924881937,83.51218248320001,149.3284562926474,0.18605273630343144,0.16927643814295712,1.0849682940402714,91.55661354132036,0,
2026-07-18 13:00:00,19.68478848162314,90.58443884104557,159.23042226784906,0.19457959783396436,-0.4689627882681994,-0.7118413184419615,91.48741506308271,0,
2026-07-18 14:00:00,15.751035851520962,81.7497220648374,163.96744360276097,-0.026560326508772672,0.1083124877023095,-0.9259213657873293,90.00485709407083,0,
2026-07-18 15:00:00,15.314716701462034,82.09234836142501,155.3994757575399,0.6117844412093137,-0.5128763418201386,0.39179483239930335,91.24431867236638,0,
2026-07-18 16:00:00,13.717172719309646,79.80451385965847,173.84220929007952,0.5482346169054418,0.5504106992113026,-0.3393215306470516,94.8130173249258,0,
2026-07-18 17:00:00,13.641224947219817,80.24826610646201,161.00605658560295,-0.3128386437481062,0.5306854824365668,-0.15911876387131013,89.14471722887396,0,
2026-07-18 18:00:00,11.035076539419896,74.518624565524,175.16273102170828,-0.6596235972993837,0.26600309941097156,-0.3905781890655571,90.41593555113025,0,
2026-07-18 19:00:00,12.95864484968591,72.9701164555832,174.95204220991923,-0.10149031869782854,0.1808305306235083,-0.12990007038375626,86.74162110245577,0,
2026-07-18 20:00:00,14.130221256574039,88.64239829720265,161.86567592461287,-0.4000192821988232,0.8805940624336869,0.7992690560481707,87.395217115205,0,
2026-07-18 21:00:00,12.584406264084496,77.22965935247562,162.08806418395807,-0.03176228730767755,-0.00015683630588735604,0.40106422930905966,90.29343987927992,0,
2026-07-18 22:00:00,14.816741487334175,77.54303825271843,154.47147665757043,0.6187190673420696,-0.5909370627104006,0.43111175594348855,93.31180064010572,0,
2026-07-18 23:00:00,15.890215461419745,72.93895420646884,154.10177575060672,-0.228650827543395,0.22473695641615343,-0.7081135278963228,89.23115752724529,0,
2026-07-19 00:00:00,19.73059316555541,81.80519126155247,148.45982857907137,-0.02141169065578744,1.0430235247685569,-0.5755768682764346,89.29225041206362,0,
2026-07-19 01:00:00,22.78809461661616,79.67864625847513,159.07468356339717,0.029011367404197613,-0.5073797465929261,-1.4195393297427135,88.77934426648687,0,
2026-07-19 02:00:00,25.502357052095917,95.71007580068178,166.55154373059776,0.4242154411026423,-0.18073138334699287,-0.404690410541377,88.39572998746704,0,
2026-07-19 03:00:00,25.730949029912114,93.58461935264589,171.12055467768062,-1.1234446669923026,0.20822301905072632,0.4783515931928292,90.88491436712647,0,
2026-07-19 04:00:00,28.55681877584675,85.88937529303354,164.50966794279714,-0.30335014738264837,-0.02695242450286958,0.25847325787418546,85.50822706446407,0,
2026-07-19 05:00:00,26.347305152097647,100.0,168.27240715705872,0.10564184613973636,-0.4911517901886573,-0.11075663147606195,93.84281873000018,0,
2026-07-19 06:00:00,26.296617560644844,94.90882743495797,161.58280903889525,0.6000394782134306,0.5609289281152354,-0.011150141859026526,88.00373310561162,0,
2026-07-19 07:00:00,27.67185891141593,88.20547221390223,165.28916619330045,-0.24595122375310258,1.1600203610086297,-0.3444427712877028,92.16571045631443,0,
2026-07-19 08:00:00,27.312268679214785,76.83309844455431,172.144766241176,-0.938276353020937,0.09806572951195366,0.10237944120089208,86.19000420781838,0,
2026-07-19 09:00:00,25.624159501398356,99.9902467688865,172.22004974147228,0.3098557229830681,-0.45203414486800014,0.3829391397403074,92.00652039163866,0,
2026-07-19 10:00:00,21.932557899960152,80.55213766618203,153.82825564060045,-0.31768119441281467,-0.7744802625267375,-0.8079433937052364,92.01583382344349,0,
2026-07-19 11:00:00,21.98143232130745,78.06710149072819,152.21405960628613,-0.5948333295451806,0.12898799061059044,0.14982384391867407,91.15260621601769,0,
2026-07-19 12:00:00,18.695530499495153,90.1128521600482,149.8679712152054,-0.31217269485661203,0.5519386716581288,0.46621743547733363,87.01671443460063,0,
2026-07-19 13:00:00,18.599120188009923,95.90466680618378,156.57718669614832,-0.09226267882792477,0.2375838732476908,-0.2075501444816848,90.74864456879423,0,
2026-07-19 14:00:00,16.366598246096835,89.42136409255258,155.95198240039178,-0.30237233226910637,-0.001201920459426922,0.3503503060602918,86.45083144579684,0,
2026-07-19 15:00:00,13.403265964180365,84.28401169432912,166.26244084605113,-1.1027830285495346,-0.2946358258946531,1.4073272222362765,89.24171023471145,0,
2026-07-19 16:00:00,12.557929852387835,83.64364468940425,164.9513113403341,0.4485330984435661,-0.5460818163590448,-0.05217139649344596,93.08823930286597,0,
2026-07-19 17:00:00,11.213379867798503,84.43744866245619,169.24625517138998,0.6374375206393611,0.41737566316244107,0.1966535250026618,92.39010578121223,0,
2026-07-19 18:00:00,11.937320902726828,83.79464294893383,172.7314212400185,0.32576099566975286,0.4568858106927928,-0.3690285418306958,90.0455488276213,0,
2026-07-19 19:00:00,13.227735710188696,81.57632798840153,169.35062787483605,-0.5688428352124083,-0.7728648933453666,0.0906255813010252,87.07558027223148,0,
2026-07-19 20:00:00,12.086070723388934,81.19087850083719,165.13857862305596,-0.10074576697375899,0.7949194890903419,0.23013581249115192,91.93676313652259,0,
2026-07-19 21:00:00,14.847192266025493,81.15150045456967,163.5940866041017,-0.003260657614729031,0.28703561044700066,0.09742117013506903,90.05814371309408,0,
2026-07-19 22:00:00,15.469742381627457,78.73017705566656,159.55818520397358,0.2993971947809551,0.6997973225728967,-0.5098476598544284,83.03905320530873,0,
2026-07-19 23:00:00,17.136574806917444,82.3025293901535,153.3263257526399,0.3341702443590404,-0.6710638742425575,0.10318088566272535,92.34788947894955,0,
2026-07-20 00:00:00,19.89296964004535,76.53521592902301,148.70601968666472,-0.3670868993892479,-0.6829120777077194,0.7310979693588184,89.92730149839092,0,
2026-07-20 01:00:00,21.035310038400766,85.80239709153884,163.16961675457392,0.04099777820678021,-0.07448465488364846,0.22431788225726365,93.60735374394922,0,
2026-07-20 02:00:00,23.446350694652757,82.55704446424537,162.80459723970606,0.22864020230762055,0.2513922134475971,0.4809935945359205,86.71418844347158,0,
2026-07-20 03:00:00,24.45897635690353,83.01758731985389,162.66473403358515,0.7279111610733833,0.8981804114634818,-0.11850598500631386,80.469888560412,0,
2026-07-20 04:00:00,28.89292836319193,90.22959777468961,170.80528009824252,0.35225326991236156,0.3530394569075658,0.37495011971185527,90.83725157503555,0,
2026-07-20 05:00:00,27.762670162284248,96.78964056316832,167.64941907700128,0.39452834368775946,-0.12134063840601667,0.13963391910826298,90.87469103004592,0,
2026-07-20 06:00:00,27.300274492007414,94.59158303001156,175.8656231879332,0.04191331396468047,-0.5131846038329461,-0.475455364843616,84.92798511718064,0,
2026-07-20 07:00:00,27.941386521046784,81.97712611332948,171.16672748677186,0.7052295726017519,0.615000286359575,0.15926050239943723,87.06450136240018,0,
2026-07-20 08:00:00,26.815875180584676,84.38198633607051,273.18651278056467,0.2048813979797487,-0.4823527128753574,-0.49584833172015524,98.2656532311597,1,power_surge
2026-07-20 09:00:00,25.43588464995919,93.23938984587383,166.38072025278242,-0.4305439550867852,0.8142342773861608,-0.31644013744239596,89.0831681575386,0,
2026-07-20 10:00:00,24.614166700043405,82.58756303230844,152.14561923965744,0.7016849850625954,-0.14219232480325467,0.09466415364618706,92.19287692912864,0,
2026-07-20 11:00:00,22.828060070867604,85.17092947552757,149.54254355750172,0.3489516362695138,0.7952910363089252,0.14862213669006202,88.04802051789486,0,
2026-07-20 12:00:00,19.469498852389542,87.7502604951228,144.0303749680049,-0.22152201056424115,0.33946564502963916,-0.5946162325385645,83.72909130344053,0,
2026-07-20 13:00:00,17.35362939853526,78.86418250016929,155.89109637586867,-0.23974648369962168,-0.06849774472122913,0.5269928855914381,89.48922525961228,0,
2026-07-20 14:00:00,15.724948302848391,83.02687753072983,168.66257499742537,0.1482877725703809,14.473967475609811,0.28600313915023645,89.20318631914168,1,orientation_drift
2026-07-20 15:00:00,12.041224585772017,74.79433861947622,175.29863635469417,0.23159239763379236,-0.1704539386730399,-0.3523642178054419,88.80036528399489,0,
2026-07-20 16:00:00,11.556605707525948,77.66303476132175,170.5107635828925,0.09864613281560322,0.21415834618761875,-0.7687923982245877,89.65607749348082,0,
2026-07-20 17:00:00,13.639467657131965,81.76928053926734,171.82273890050368,0.15565433672144244,0.03857824810885837,-0.07245228954071566,90.79280481493691,0,
2026-07-20 18:00:00,13.644967713501284,72.03503133234166,160.9947113292363,0.8499786872881903,-0.29690570403435257,-0.22297185693058008,89.54964914623858,0,
2026-07-20 19:00:00,12.023557350131066,82.37274455835666,166.60514752711128,0.5357715761174429,-0.08281570515881612,0.056570228526511404,86.20798149615791,0,
2026-07-20 20:00:00,13.648353732780214,80.57168398644437,163.38158931614768,0.09531779563251216,0.0392885148595749,-0.18155833057778326,91.45855437468582,0,
2026-07-20 21:00:00,14.654395905051143,84.22691586615299,161.0378976324754,0.47065529038374165,-1.064367047207406,-1.003728430372505,84.15188473403273,0,
2026-07-20 22:00:00,19.078880808455185,83.61957067032328,159.15928090707618,-0.5162619517637698,0.22908405739434934,-0.1941734691505792,83.8489276281474,0,
2026-07-20 23:00:00,19.049022550614417,90.52660692435661,152.81592801356476,0.19896352497340447,-0.4898606123584034,-0.15280955553415648,92.2175414841047,0,
2026-07-21 00:00:00,19.87208240851908,85.62612251323944,140.10350094812142,0.904653174866555,-0.5766662016028725,0.31683051238702936,91.52106081640608,0,
2026-07-21 01:00:00,21.115011920219658,84.14706751988628,158.91593218263787,-0.10902294769618692,-0.8436721735553552,-0.34909983730552485,89.8278139047779,0,
2026-07-21 02:00:00,22.393553679742414,88.1114875151614,154.63628487130094,-0.4238169643095424,-0.8969462489339451,0.8393373366862831,85.81365448573479,0,
2026-07-21 03:00:00,25.86031788535956,91.25202405111465,165.3383699442866,-0.32604444429653034,-0.6777237515561446,-0.9558202753258785,87.87626717797778,0,
2026-07-21 04:00:00,26.17185248499121,89.57442737055072,177.69092142443867,-0.5448165186711942,-0.3545104788152452,0.6555837489013122,89.2117597569405,0,
2026-07-21 05:00:00,26.305152900714862,90.03258758746475,164.72159356784923,-0.3923809540638517,0.9766295687632841,-0.1121594854390524,85.21231809427766,0,
2026-07-21 06:00:00,27.353427115757473,86.49004156096622,157.34856238626836,-0.1852540492950145,-0.26293983794760195,0.4297924361717781,87.7829140259303,0,
2026-07-21 07:00:00,26.645858606698184,86.51512454369062,167.8884954163809,-0.702783509589321,0.08887505313401567,0.03990074202936655,91.95699101453003,0,
2026-07-21 08:00:00,28.615344865348103,82.31710065992374,172.8253062506817,0.0078091669748015236,0.20024069325316435,0.5697777680127346,94.28191609286765,0,
2026-07-21 09:00:00,26.538494006441905,97.28341762186747,173.93387289483408,0.4511385868933236,0.06553259310792436,-0.19368098227640562,88.74169574202435,0,
2026-07-21 10:00:00,23.992027358683412,81.28068382304359,153.852252027738,-0.4538780900734602,-0.03872173036299682,-0.5493102125889061,92.2694650629483,0,
2026-07-21 11:00:00,23.55049649971016,82.82956923653305,157.65987701823295,0.7596419618208844,-0.5976468817996223,0.7102521436355316,84.2578197882376,0,
2026-07-21 12:00:00,20.077368307647742,81.4079636721541,147.67344771610004,0.25539604426379736,0.7254637741396059,-0.05674032294107059,91.97835372334083,0,
2026-07-21 13:00:00,17.068163437851624,88.18052665920965,154.6466391305296,0.5152902928120286,0.9035983218189426,0.1107792368121053,87.58815475581756,0,
2026-07-21 14:00:00,17.523124077269646,81.02525160853986,173.2217167350852,-0.32891727692606854,-0.8413293470613429,0.6173759570223976,90.92203685012392,0,
2026-07-21 15:00:00,14.882055794192222,87.7031764574359,156.62728398175534,0.42726261353330786,-0.5120142954431898,-0.5159776210472174,89.25674274528087,0,
2026-07-21 16:00:00,12.034550615398073,77.30241985985849,168.58920638316155,-0.5459669501976565,-0.13990517118850304,0.29774544881962867,93.9612420293515,0,
2026-07-21 17:00:00,12.082254711603849,81.56534167967366,171.6569823846085,0.44512375041825436,-0.48226889745509566,-0.29494737823144546,87.37669305498025,0,
2026-07-21 18:00:00,11.124381746615242,75.82326473370121,175.42893162469673,0.08591966989676561,0.2529827767279326,-0.06608467782218592,91.88281889268549,0,
2026-07-21 19:00:00,10.889793658723091,90.89611650742158,169.80843229313592,0.27662560999239183,-0.36413610120330653,0.036139482692144446,89.1614776101104,0,
2026-07-21 20:00:00,13.997974317256116,74.73188088593024,168.86076077320934,-0.5877973028124258,1.0825280339033012,-0.750110930723468,89.525083565971,0,
2026-07-21 21:00:00,16.252562390977776,83.01356964520241,162.18389278662193,-0.44753492113830234,0.595274297171798,-0.3894185214102174,89.44843832052237,0,
2026-07-21 22:00:00,14.601432426180951,85.66888440466055,161.3456347062253,0.2986141091266924,0.10628701531610744,0.6755364462065696,87.46298068651767,0,
2026-07-21 23:00:00,18.492416875870354,85.77490026174486,153.4604195245635,-0.47417400211210037,0.5134931316598661,0.4430955942923978,89.95770310227998,0,
2026-07-22 00:00:00,19.349357430878186,84.07356170561147,153.10785944928028,0.23160314604956153,0.5529502121786545,-0.03131978866361743,89.81205533363453,0,
2026-07-22 01:00:00,21.583426977055332,85.64499172684539,153.3283292218319,-0.6835689032301229,-0.2819737440291216,0.12156172925644654,90.72372074522019,0,
2026-07-22 02:00:00,23.407606075761066,87.7190573598955,161.88550196951076,0.4240871063333341,-0.4081086222709824,-0.14712125281822883,90.25351543707859,0,
2026-07-22 03:00:00,24.79286347981256,87.8005238977903,163.99582155530607,-0.6162616573842545,0.03907153148482372,0.678291692913991,92.39398364883671,0,
2026-07-22 04:00:00,26.97672485822037,94.14952260289677,172.9507593295497,0.2761499688397616,0.430818062248972,-0.10017628889708194,92.7705258481421,0,
2026-07-22 05:00:00,26.896456493901482,100.0,169.0615479078389,0.31281546682300043,0.06953019932670883,0.11592104606742402,86.8481300345166,0,
2026-07-22 06:00:00,28.27045682577984,87.21254107496082,161.13483765896558,-0.34838590921478746,-0.7884982410954986,0.5730150720710325,92.60631750177231,0,
2026-07-22 07:00:00,27.67716850086346,82.98061423354999,175.62812402935145,0.29101328354236344,-0.40141222197542115,-0.3886857424229533,86.44099071867043,0,
2026-07-22 08:00:00,26.68925518340916,88.88871677716595,162.7918465713758,0.13022113166677798,-0.036986431797189016,0.779394592248447,91.7635676644132,0,
2026-07-22 09:00:00,24.74929058745082,100.0,160.87330393048694,-0.26942092809636914,-0.03783280216291513,-0.7652307048716884,91.85921635410861,0,
2026-07-22 10:00:00,23.423228669431648,83.48162716015133,157.02169352978248,-0.504277342038104,0.9862710883949041,0.8148210655563993,84.26604932501249,0,
2026-07-22 11:00:00,22.825943586645838,94.48967925273288,162.0485713679043,-0.9813128458362895,-0.692993971199499,-0.1863377919759873,90.27893773958823,0,
2026-07-22 12:00:00,20.500917187624452,93.38850407038225,139.3216289301067,0.17482502364984684,0.2527946209179373,-0.12134937391264088,88.59451165991905,0,
2026-07-22 13:00:00,16.951892394381282,80.93796356594743,170.86512357035036,-0.7824013856810276,0.7445565541641448,-0.9450050855914714,87.72370422619387,0,
2026-07-22 14:00:00,16.099332305429364,85.34491539592646,165.28028404532992,0.0476720997206541,1.135724872711398,-0.22739735868884645,94.05255699209701,0,
2026-07-22 15:00:00,15.094532873879473,89.60644920971,165.25833019437658,-0.13172410804112455,-0.20219871159198063,-0.5199032655134421,88.03896257808775,0,
2026-07-22 16:00:00,11.402391488603133,78.77423427614038,167.0460380726073,0.33957138771909773,0.2457147263600999,-0.3038231726867363,87.58086921264585,0,
2026-07-22 17:00:00,12.815953582067378,79.15246906804285,170.7462869000697,-0.1510227497449321,0.28488017859932346,-0.0686554828944398,90.22708482001528,0,
2026-07-22 18:00:00,11.337376241054153,77.09159543025677,172.6056121418967,-0.1647238931735457,0.09774086577664541,0.4788958072364528,92.05676923889524,0,
2026-07-22 19:00:00,12.843192058280602,75.09658721509032,172.5445944555317,0.3659353521441478,-0.04942260061965303,0.10380167570031289,89.57505424196962,0,
2026-07-22 20:00:00,12.308537613181986,77.42348525574778,170.098530405706,0.16752901454205876,0.21798769475002294,0.15383832670055692,93.49911163700776,0,
2026-07-22 21:00:00,12.538263649843005,75.34476476025593,164.59003903000743,0.15807797859138914,-1.2661230426098427,-0.5477596944227812,91.59292698589228,0,
2026-07-22 22:00:00,14.37245756211678,82.67041734129609,159.01330789846352,0.23463379490426312,0.34103474503131564,-0.4403770448013651,83.4653660408057,0,
2026-07-22 23:00:00,17.977532585841217,79.85603861919418,154.42001448378284,-0.7677860616035529,0.06308895183098359,0.899362509175656,88.41159910947897,0,
2026-07-23 00:00:00,20.25972250172155,86.16892955895378,149.02545859823675,0.378394339993491,-0.11123744838913269,-0.3676005173816233,88.3144737019449,0,
2026-07-23 01:00:00,21.166235735715674,78.51461699449442,160.84523138638554,0.30623439700680116,1.023431097859779,0.8281041260286478,91.43808286028826,0,
2026-07-23 02:00:00,24.638592458777357,89.15440116107227,162.96778361140426,-0.5083415642882486,-0.33746700939527613,-0.12153059944043325,82.12554883087766,0,
2026-07-23 03:00:00,23.995334187223296,92.70317871397728,149.44019245040923,-0.12204023683710065,-0.2015379945325154,0.0011439680717520247,97.64702912615317,0,
2026-07-23 04:00:00,26.862123431628138,79.36144880606489,170.60001195833743,-0.019653643813815593,0.995776651102367,0.5351825801149649,91.59307828468263,0,
2026-07-23 05:00:00,26.516390410550077,91.6999119806832,170.29219749937522,-0.06724839220086636,-0.4160306524249283,0.6359462109693282,90.44663041175308,0,
2026-07-23 06:00:00,27.348163892197842,96.13834496236646,169.9064562177705,0.16692998328426734,-0.27505764146826944,-0.05540628013954375,93.54470314925744,0,
2026-07-23 07:00:00,27.774805281628936,83.7814240379893,167.3759242603369,0.7156833909155917,-0.07351271171542499,-0.19412152676076944,97.03096215843787,0,
2026-07-23 08:00:00,26.06778986499159,97.69298895311073,172.94107167561893,0.5408833638364143,0.42036724106477463,-0.02796022426110656,92.61223993376521,0,
2026-07-23 09:00:00,25.27229870526255,90.63062895276296,168.87976793434524,-0.6561095967157031,0.1039012536766567,0.16897876411605914,92.84643928941486,0,
2026-07-23 10:00:00,25.00629280921457,83.97494072120804,156.1356116608823,0.31103499515302435,-0.6463126735761313,0.44565184343487774,90.39207007339314,0,
2026-07-23 11:00:00,21.4936604912971,86.01524983722412,157.2116423376733,0.6644666597677048,-0.26608428156359476,0.0021149294970757883,89.57542273989915,0,
2026-07-23 12:00:00,20.835692112065157,87.79163456260862,145.1417163272936,0.19340426034460131,-0.3036772166061057,0.3094431490115768,88.5726136679853,0,
2026-07-23 13:00:00,16.799740784522164,84.08593173154942,148.2782900781059,0.5454902125929835,-0.038610522611522785,0.8191798661354704,87.52166402485638,0,
2026-07-23 14:00:00,16.529804177915373,85.1937799622319,156.86641387704995,1.0061352228503826,0.21292182931491455,0.19065480613239233,87.93895770090151,0,
2026-07-23 15:00:00,15.784714371165546,76.86109812867045,168.45410298564468,0.5118547730534907,0.20910287794398605,0.15582642800238916,85.94833210697105,0,
2026-07-23 16:00:00,10.600152269597185,81.5166771012582,172.08613330256927,0.12465429782086443,-0.8880058770242011,-0.7594554125450339,89.77238564794493,0,
2026-07-23 17:00:00,11.47569813421701,73.10179838402978,171.88394362626775,0.5225442370423767,0.531970493780428,-1.3153650684145317,84.94599726832084,0,
2026-07-23 18:00:00,12.57707212718054,79.4438696932565,173.62547893424,0.07244391654844559,0.12628442299831175,0.19418786461508417,90.57274957243114,0,
2026-07-23 19:00:00,12.069548003644464,75.65083266123071,171.89940796135613,0.011951521642477736,0.6922660237969531,-0.04741211564043612,89.89100817587297,0,
2026-07-23 20:00:00,13.442942643095838,76.992223268129,164.11310009957393,-0.17570711785686627,0.22209916364533594,-0.257391337457371,90.44080589516007,0,
2026-07-23 21:00:00,13.739160563791742,87.64493197011942,166.30174834710078,0.7817066794160541,0.5506614788678811,0.12176510209317232,88.43360528994002,0,
2026-07-23 22:00:00,16.08658978747289,87.95655060297135,164.00204762613845,-0.4092143329710007,0.23327265572506348,-0.030201864598454146,99.23058111054151,0,
2026-07-23 23:00:00,17.77377040378759,86.75159537902317,158.94783755111868,0.766183862339058,0.6731128781013741,0.5638901253169493,94.08034770054094,0,
2026-07-24 00:00:00,21.167782061659704,79.53843617663705,155.94456685737347,0.24993206187018568,0.2611253180088893,0.04305543412948895,86.26637249974583,0,
2026-07-24 01:00:00,22.324973204121346,84.71205297703857,158.71790013805565,-0.6996530874009708,-0.04895762322145203,-0.3734616425350838,90.6986042622807,0,
2026-07-24 02:00:00,24.33760266207523,93.56548849989593,161.757241037708,0.1838246464957108,1.1362173602234409,0.4950831194796445,88.17598157118803,0,
2026-07-24 03:00:00,25.244977283369987,89.2441184741323,169.49288681531326,-1.050013253825812,0.44451856113994603,-0.10856553747310124,86.95656081987775,0,
2026-07-24 04:00:00,26.44059700620299,100.0,167.1879017794434,0.31275400841551787,0.28687221050220657,0.26326834183615355,85.97978378662819,0,
2026-07-24 05:00:00,27.29484842249293,91.7962183284172,164.90914326964278,0.4426157414944955,-0.638152208269168,-0.23870535309640023,91.29665007227776,0,
2026-07-24 06:00:00,28.394452142378295,90.96024558245016,169.18466518028117,-0.2961779778260268,-0.6441538087317689,-0.3249134427487182,87.95585929479128,0,
2026-07-24 07:00:00,27.306422129492304,88.28404681043286,165.59400330174915,0.06177384797779117,0.1463577410709267,0.042084115092848075,92.90347807207561,0,
2026-07-24 08:00:00,27.21797808717193,89.99783154283361,163.94461670081688,0.9770787168751431,0.0727605988841204,0.00641432177184256,92.98134664359132,0,
2026-07-24 09:00:00,27.732255048137777,87.77318472402999,163.41954227015324,-0.25287335213096834,-0.3070612825041581,0.2399135176834165,94.12174315563435,0,
2026-07-24 10:00:00,24.87112470343178,91.04054338344301,156.03790039500043,-0.5294537935283002,0.07049134980603,-0.13432287665487128,87.44283970177769,0,
2026-07-24 11:00:00,21.744528828652353,91.07760680948554,153.6365732538553,0.7408317012312994,0.7943134640217979,-0.9181798918851987,91.42609683207603,0,
2026-07-24 12:00:00,21.201213922164133,81.07005269746037,140.53192666523157,0.9812935952653974,0.34770123727514934,-0.21638694179419432,91.8973626499269,0,
2026-07-24 13:00:00,17.521372266158398,77.04974000669857,156.24284943891482,0.0018478359239236628,-0.5705042548763691,0.3969092335719078,88.57746547468811,0,
2026-07-24 14:00:00,13.961875464822189,73.31897313448354,160.006027376811,0.5057315177041781,-0.05575441357147185,-0.14868803962155322,87.68468412782137,0,
2026-07-24 15:00:00,13.335059439590204,84.00442272862998,160.05669246839003,0.6707379577654405,-0.4024832404262804,-0.12319170125727401,94.82856199732792,0,
2026-07-24 16:00:00,11.201004848698592,75.15303995020841,170.61673641785092,-0.371242116269192,-0.19384995820428058,0.49318825295296853,90.68248762719617,0,
2026-07-24 17:00:00,11.921079905646163,69.40591790379226,174.0063672139141,-0.24265291768393416,-0.20680783281482137,-0.3559866136294614,91.90790325213521,0,
2026-07-24 18:00:00,12.018418379189551,81.94289302265481,274.73213660910665,0.6154372565773675,-0.2388227913020026,-0.7714016091214498,87.53377196451622,1,power_surge
2026-07-24 19:00:00,13.949030701962695,92.63536845571858,165.5048926329504,0.8425071393542547,-0.6275676859866974,-0.08031555976274718,86.34214660043342,0,
2026-07-24 20:00:00,13.398724143488606,80.6395184233783,163.4747963267524,0.2814404300871774,-0.06382734075909506,-0.2420869756243685,88.29165067652367,0,
2026-07-24 21:00:00,14.124045221698738,85.65691996632546,159.44262011818668,-0.43990717675102714,-0.280303818423655,-0.483123159876627,89.62793583783001,0,
2026-07-24 22:00:00,16.829405581183526,82.90914679273786,258.86670666278894,0.9935305558497206,-1.464724345001134,-0.08768922794934536,86.80733997954795,1,power_surge
2026-07-24 23:00:00,15.718312330171836,83.21145650853161,154.20725020818665,-0.26548544890598225,1.0264860122508315,0.24575282362339182,89.97046557404884,0,
2026-07-25 00:00:00,20.23561455810852,89.59538241493881,148.67742579344707,-0.16756889058572588,0.544384827108336,-0.004644280783907873,84.9344844357945,0,
2026-07-25 01:00:00,22.841417554707153,84.84272250456937,145.1570690800167,0.17116891724481073,-0.18815036246249803,0.15349053634311888,86.63985773259039,0,
2026-07-25 02:00:00,22.52141375422004,88.83696157035945,163.17709015104586,0.7770802103573871,0.009409524870299212,0.9067038492577115,92.01273374483063,0,
2026-07-25 03:00:00,26.800608292699263,90.14402293691278,157.94584364946348,0.42698798827611184,-0.5858271736587809,-0.17143943077878204,91.81137156083368,0,
2026-07-25 04:00:00,27.26669963776992,85.98967475070695,167.6201712270204,0.20743275018095522,0.8478614389054326,0.1391743173223348,88.8243697038394,0,
2026-07-25 05:00:00,27.312118696411762,94.78984087912798,170.70540121557235,0.2316442650590531,0.9486443473865558,-0.25460668129956726,86.94670707276914,0,
2026-07-25 06:00:00,28.632781866106285,89.12520121652295,176.80329297919326,0.02175733432173304,0.0783468641232623,-8.326861984803692,86.91778934542197,1,orientation_drift
2026-07-25 07:00:00,29.998099468116948,86.05090333398113,162.77441453018582,0.27906975725925315,0.5117653220926723,-0.2924538267088849,88.88019526217606,0,
2026-07-25 08:00:00,27.110069485334094,92.01267623677427,152.22294729658486,-1.2647800388471515,0.08764338946696193,-0.23937928576084427,91.93355547493587,0,
2026-07-25 09:00:00,25.905074835792792,84.04319399697759,165.06138334749963,-0.14830372953489918,-0.6683627194379653,0.17973789877356278,92.78473707403298,0,
2026-07-25 10:00:00,23.540639100459792,87.64090578684566,169.00255590755435,0.1206609674583905,-0.20591168448182864,1.1745378933503787,88.51040479355409,0,
2026-07-25 11:00:00,21.22070799135535,86.24850024229157,161.37111266674754,-0.5755070418097535,0.06596398338597853,-0.35802171813792016,86.53952272204565,0,
2026-07-25 12:00:00,20.830335816544153,90.42947782915783,151.04829707637336,0.19316165890578,-0.2272738593717221,-0.20831265280773126,90.803530913599,0,
2026-07-25 13:00:00,17.07336381327103,86.0793959388872,152.71819997389002,-0.10223561049306076,-0.109326638717518,-0.031561506555624126,87.52939508812246,0,
2026-07-25 14:00:00,16.07156623721939,82.37486520627428,164.03561298318655,0.877737849157745,-0.045699778754557226,0.19789942435487354,88.44524208341639,0,
2026-07-25 15:00:00,13.865488303742614,85.55329759006877,159.27440462520832,0.7865098626074282,-0.040439248932730654,0.13177540597739248,93.97582827131112,0,
2026-07-25 16:00:00,13.550776595470925,87.6209107261644,169.70229692246977,-0.23290278455908142,0.026129245248741606,0.6420478969740586,92.4813462856973,0,
2026-07-25 17:00:00,12.606255494974405,82.95942240031397,171.8458673216145,-0.07541885578334766,-0.5303025331983005,-1.2131960352676041,90.47392293675435,0,
2026-07-25 18:00:00,13.0375399442579,80.0517630992169,175.3010495374944,-0.0369737828041963,-0.3585080745639681,-1.1934649350978364,86.18424299666184,0,
2026-07-25 19:00:00,11.76257699083268,73.61118970680384,183.11681672033683,-0.22582973807981135,-0.6422921328499847,-0.24793908600507464,90.63418970241197,0,
2026-07-25 20:00:00,12.8019218344311,75.34430466570092,169.28258791158265,0.09751249201406337,0.48890777484310016,0.5486500937718544,93.18797187236258,0,
2026-07-25 21:00:00,13.364382034725173,79.93834257229383,161.5973174951938,-0.3791410344437951,-1.0528234709201623,-0.7828240158027981,88.8730990027034,0,
2026-07-25 22:00:00,15.555706739923776,79.45243898920351,159.87212843904032,-0.5653076674687632,0.5767951716584627,-1.5038161698468786,94.05334226996014,0,
2026-07-25 23:00:00,18.306748132224627,82.77104825956013,146.331001377605,0.3113556119501343,0.6931746986314217,0.28558970310960435,93.87823586855463,0,
2026-07-26 00:00:00,20.75698861664536,85.28324962448553,146.52643434455473,0.3147647921109054,-0.1510902934913107,0.12182861185135721,94.99119849643041,0,
2026-07-26 01:00:00,21.148387036642614,88.9425589972963,153.12996871148508,-0.4021578798299962,-1.3015685439136493,-0.5451042033997149,90.91572937959405,0,
2026-07-26 02:00:00,24.869605920105588,87.1475061097045,157.37955801032686,0.4476777153812998,-0.18065528098364525,-0.49276980036046497,91.76217509941803,0,
2026-07-26 03:00:00,27.01249210829732,90.96804212506375,164.90390998389952,-0.3157888645826657,-0.03209208064440964,-0.4848718598173372,94.24256186499326,0,
2026-07-26 04:00:00,27.341638133499124,64.79359185923187,163.20840841377756,0.1265826190189906,-0.5052991099644567,0.055267658736970066,91.34218181120693,1,battery_drop
2026-07-26 05:00:00,29.604202422870586,79.95229629967598,174.92366986240364,0.410172006306228,-0.2576091969041214,-0.3131576380915035,88.49629767662937,0,
2026-07-26 06:00:00,27.22621080089643,85.30332303090623,170.001035324591,-0.016806282351856505,0.7650975994316757,0.24703195948775983,88.65437149041641,0,
2026-07-26 07:00:00,26.48275190700112,89.10919135283726,169.27201492008828,0.2273704560705672,0.3324635811508705,-1.4273133314521955,90.71566486132122,0,
2026-07-26 08:00:00,25.149482981371293,83.28165330471668,165.68103449312434,-0.25821482194378587,-0.46228205718904997,-0.42842593256389966,86.12831573416135,0,
2026-07-26 09:00:00,27.1528985609816,91.53517755591379,164.91808904302596,-0.09823329171404858,-0.7987995847977161,-0.5630269804555251,89.57022325390743,0,
2026-07-26 10:00:00,24.65436565635405,95.15375416171848,164.12549132333814,-0.10292971544017018,-0.16350865880488555,-0.1281703391862461,93.28964135469076,0,
2026-07-26 11:00:00,22.014967689909852,92.38790448399928,150.84072982349628,-0.37328917327011946,-0.10672838967521912,-0.26902387924506926,83.42623844650416,0,
2026-07-26 12:00:00,20.2799686263199,83.932785645349,146.7094175546239,-0.08838708155789105,0.24809959368165815,0.3989218899478833,94.60344630538354,0,
2026-07-26 13:00:00,16.803958591881468,91.15953545873717,153.65775075816708,-0.7743091494318733,-0.2676583562838295,-0.9296683858300288,93.36712265610947,0,
2026-07-26 14:00:00,18.445751979616777,83.24333728601053,153.27064538263403,-0.24557687357105235,0.2557497876809307,0.022745738165376,88.62070615250857,0,
2026-07-26 15:00:00,14.472366932482919,79.7790362384771,160.04584632512328,-0.14243774668483541,0.9675770200301146,0.27916821160585276,91.63017248361542,0,
2026-07-26 16:00:00,13.1811915643294,77.60285966337312,164.93940370796545,-0.12808987624769005,0.4077505112221313,0.9283237182809774,90.00944318071897,0,
2026-07-26 17:00:00,12.998360013586197,78.65802243611404,173.69046242934488,-0.12074872293538941,-0.024044253665386293,-0.2408829855467376,93.68997110531605,0,
2026-07-26 18:00:00,12.481009231736714,78.05911590729386,171.31280664500963,-0.030882099930064463,-0.09157523552664734,0.16222930217625853,92.94804942830983,0,
2026-07-26 19:00:00,12.496477413966572,81.0224519804321,170.2864660826191,0.23972075904303194,-0.17833656708993562,-0.9019313962811825,85.79978783045097,0,
2026-07-26 20:00:00,12.281322314279187,81.47274288632714,171.57499788652862,0.4372585370662613,0.5903204562260723,-1.195978102156512,91.76178724039254,0,
2026-07-26 21:00:00,14.814614107643674,81.47969619483437,163.45527668173384,-0.32488261342413355,-0.31365672297565145,0.42238718789084995,89.38311643907026,0,
2026-07-26 22:00:00,17.88202449647497,84.6846908487317,161.95232424964462,-0.6016004276945722,0.02261135449999128,-0.002780146824035283,90.2484977115543,0,
2026-07-26 23:00:00,19.274867685334804,89.6591361484191,154.66027213738795,-0.5210222061215515,0.02559895094054267,0.5892563448992114,87.81548429709055,0,
2026-07-27 00:00:00,21.593186626639234,89.74777067720652,151.32681174699854,-0.24360146059746357,-0.250892096405766,-0.6867014444848746,95.2444112073625,0,
2026-07-27 01:00:00,21.55933668438889,78.86960538326304,152.26258761399228,-0.17596065890825455,-0.6862327739420504,0.25995106976437626,93.12018545970773,0,
2026-07-27 02:00:00,23.010395179741394,74.73039432549021,147.8059142086178,-0.38499803309872865,0.16148725180883408,0.9344089202719266,87.7806865080811,0,
2026-07-27 03:00:00,25.53106732939276,93.20713346212912,163.47073981279948,-0.6480583321249472,-0.030501985927691776,0.20985280417863295,85.9961681792693,0,
2026-07-27 04:00:00,26.983928142564146,82.49573352684504,174.4342487561883,-0.2280604137370941,0.25012023471828493,0.13829075279552439,88.84298210706646,0,
2026-07-27 05:00:00,28.821598128783485,88.70580212198192,173.94959353698928,0.09071331005698569,-0.26680015321958345,0.004278040412174916,91.30350793827392,0,
2026-07-27 06:00:00,26.30753537028518,84.1494348697032,174.82698742295585,0.29751473291778235,0.6104106494065239,-0.7854407285629561,90.72061753183867,0,
2026-07-27 07:00:00,29.256956929773196,80.81972694354526,175.49917013481254,-0.2787115265541606,-0.4383868906059224,0.677786467855174,93.75939847430473,0,
2026-07-27 08:00:00,26.770195331696552,92.03744065994616,167.76379603049602,-0.20649891107171703,0.8560201420089463,-0.3054288199025329,92.36975916654255,0,
2026-07-27 09:00:00,25.229973179544963,92.33130970744597,165.12871416075893,-0.4633491544236554,-0.8738182549141308,0.25224162819150847,92.90870707725873,0,
2026-07-27 10:00:00,22.987895624739775,84.61744799636637,156.9117405228281,-0.01571958518738821,0.21738503227844558,-0.7815171532856268,90.98056620183131,0,
2026-07-27 11:00:00,20.415695688954486,73.33888376478811,153.59601662191537,-0.4242143170954073,0.23771534126331173,-0.5897298322538902,85.83210380936703,0,
2026-07-27 12:00:00,20.82317058396194,82.2687777587376,153.07885574885577,0.28656390662060005,-0.39777853397044116,0.7175436996111177,89.41290440655929,0,
2026-07-27 13:00:00,18.002765606368417,85.66492480150023,161.19580308789406,-0.8929332459670556,0.2121969689305063,-0.17365114447892147,93.180269219726,0,
2026-07-27 14:00:00,14.710039100259046,75.10544215612941,159.30276862159474,-0.1798148362262312,0.6397593348800794,0.7266377380212723,89.84543121442606,0,
2026-07-27 15:00:00,13.048066978444036,82.38126569296305,161.8911892994738,0.15055366959587105,-1.1084094196770322,-0.039115329529258905,91.50927110587124,0,
2026-07-27 16:00:00,12.73601207043435,80.59332373521282,167.3231478699718,0.09191725816125218,0.2513724037454073,-0.9209488864789287,89.0437550542616,0,
2026-07-27 17:00:00,13.941614914976823,83.06682836656009,172.324550270427,1.3465168319902483,-1.2466354101650388,0.4460337998658603,86.91056445437447,0,
2026-07-27 18:00:00,11.740408648636395,80.59790184207077,162.7807259193323,0.17490001228395377,-0.482832401761604,-0.2949461588778039,89.62996780786168,0,
2026-07-27 19:00:00,10.769450436569349,75.30502616414688,157.83761176009517,-0.5020272984210051,0.8145831824504726,0.34934440675852174,90.92714232909796,0,
2026-07-27 20:00:00,12.826053705638467,86.65273048940021,164.56782382823104,-0.047732123544536514,-0.290891016696027,0.012605433770041058,88.03293684161567,0,
2026-07-27 21:00:00,14.070422180759886,80.67181822893237,158.03857349416032,-0.8881231667332259,-0.5869399822044863,-0.7715591139714352,89.29286626542999,0,
2026-07-27 22:00:00,13.303113357058411,82.36347730245032,157.4592990117635,-0.04029987464838044,-0.09896886449234094,0.08214738268528453,87.18161027404206,0,
2026-07-27 23:00:00,17.87515277266207,79.03956497912144,154.43747930796295,-0.41652802850037934,1.033953169081776,1.0981115710763996,93.3577347526923,0,
2026-07-28 00:00:00,19.76906546979121,82.78358874404238,147.73375795488522,0.45769513778008086,-0.9158411236030131,0.2464932292572296,89.1166327272359,0,
2026-07-28 01:00:00,22.766758725633544,81.87008165537807,162.43871857440405,-0.27477013729776745,-0.5256549558196723,-0.028758876502731564,94.35826663537856,0,
2026-07-28 02:00:00,25.848956094945173,86.63526970038276,161.63372382301117,-0.058382957897623315,0.7487158415898132,0.5376717009784489,94.58624355162273,0,
2026-07-28 03:00:00,26.783419279040046,97.0940763066444,165.64450742178485,-0.3177789207022017,0.9288511717688662,0.1053342326015554,89.75686210583477,0,
2026-07-28 04:00:00,26.659314539720647,82.47062130426539,170.4315437959057,0.8694256759266656,-0.05171561214514196,0.10476711513139716,86.97465380235795,0,
2026-07-28 05:00:00,26.62088070157088,81.76182214206165,163.62435093687753,-0.16062138305895585,-0.6195263512633212,-0.5458125860795513,83.7423063668,0,
2026-07-28 06:00:00,30.57335980324986,97.35585163746805,175.19555893710134,0.9162785217396009,1.0479217509045795,0.11692401289479919,85.58388878091962,0,
2026-07-28 07:00:00,27.786625044327057,88.78301074568603,168.93969509310412,0.4070758810591333,0.7972211958745984,0.5177217082084724,85.87849552530402,0,
2026-07-28 08:00:00,26.942132522188576,85.98476332562268,170.67291116189514,0.24103336366769307,0.3394734938811165,-0.41803107605001233,94.13540888238451,0,
2026-07-28 09:00:00,25.632729162382336,93.7350573429131,158.78284945853008,0.18436657365875986,-0.40620117446871,0.7122479106234738,90.34747376168083,0,
2026-07-28 10:00:00,24.198084760767948,84.47192230131574,152.23120616991991,0.19689864910812577,-0.024514670419018367,-0.04585301207256299,91.16881357227597,0,
2026-07-28 11:00:00,21.92619194889626,95.4241437932473,159.26582919217566,-0.963836289672805,-0.08018004052241538,-0.44388475576927033,83.33873697319463,0,
2026-07-28 12:00:00,19.426337993119958,88.38962935669647,151.88204763048807,-0.13944169707537826,0.16542565230778888,0.49881603846012224,86.40610071234822,0,
2026-07-28 13:00:00,17.382588697939347,81.26634773375882,150.6661231302631,0.4225789855921608,0.725500719065668,-0.14339711786913464,92.66123932933885,0,
2026-07-28 14:00:00,15.967246729784051,93.28654106632754,155.6516845936264,-0.02444859173705277,0.4397085205687016,0.3797574437430539,90.86032233714776,0,
2026-07-28 15:00:00,13.799720979374008,78.43589147905067,169.7693095458044,-0.7025949234017875,-0.5386880384923791,-0.14587931612926858,89.5583841639432,0,
2026-07-28 16:00:00,12.358950987047287,84.38034984112433,161.37344861135225,-0.026202225288734726,0.6882482250097689,-0.029913071764951848,91.69452707580037,0,
2026-07-28 17:00:00,12.379023617379373,81.66683377058713,177.53188129206114,0.8520527581277456,0.15656607000657766,0.2467801021671458,94.90739341840745,0,
2026-07-28 18:00:00,11.745022782579145,86.50870644699398,165.49689632676066,0.6234458577673597,0.3435328979294581,0.14544852879500295,89.33687260938885,0,
2026-07-28 19:00:00,13.776586378270098,87.97792685218889,172.51047615382342,-0.031002004683015873,0.7332704296393014,-0.9977658902258693,90.2081094079742,0,
2026-07-28 20:00:00,10.420826961331542,80.82989372640668,165.6774156969437,0.4757246385290433,-0.5557901247567756,-0.5606218700471959,90.57779075619392,0,
2026-07-28 21:00:00,15.434652602430058,77.69737674233633,167.1580727791427,-0.18325351018402591,-0.017912789353231467,0.46470499239540775,97.17632890582198,0,
2026-07-28 22:00:00,17.24608519249746,84.79986071469548,157.27942998942947,-0.8519357934133595,-0.2657272756796075,-0.06606829445077363,83.70193120674293,0,
2026-07-28 23:00:00,15.856057406771564,80.31732792572679,154.36241637168925,-0.4622329940647772,-0.7839297126827279,-0.2618656513857109,92.04966904436642,0,
2026-07-29 00:00:00,19.657312405919598,95.06693623763309,150.20459587697874,0.7814443842540989,0.17335498880245995,-0.6792870076287372,89.65559325372281,0,
2026-07-29 01:00:00,21.69911149482439,86.9767718809263,150.1654436231431,-0.1369965409146521,1.2557782757922118,-0.5398681606379242,7.059387551327561,1,comms_dropout
2026-07-29 02:00:00,22.592488305282053,85.67339224343937,163.70412172710033,-0.12169198968750904,-0.9200388722528764,-1.0108993199809737,88.02788233801583,0,
2026-07-29 03:00:00,24.87903756190161,89.45893543525735,161.57606779137328,-0.14991909813744028,-0.016140305524735162,-0.05064035935076644,89.85310490742465,0,
2026-07-29 04:00:00,25.81762738480968,82.5944955712737,166.17750849898866,0.9520682947865035,0.3202714675373867,-0.29921879029052345,92.13423173839648,0,
2026-07-29 05:00:00,29.479677053736125,84.97155893889206,164.34676965273871,0.8129794576810316,0.061539100828090575,-0.4832939454926576,99.33873060313152,0,
2026-07-29 06:00:00,28.935678393147462,96.00206953972213,157.18833170602346,1.109390116724067,-0.0565640262578702,-0.03406171258397655,92.42410856820621,0,
2026-07-29 07:00:00,28.998961705306712,86.54515773658837,168.36337771278053,-0.07952260520002565,-0.6496081817229121,0.18198531542636906,87.45580320590848,0,
2026-07-29 08:00:00,27.649875294318726,84.09557210551249,179.38358518375333,0.14781224437354754,0.11639337147008182,1.0465989661049724,88.72872095393188,0,
2026-07-29 09:00:00,24.527802478275234,91.21879766856922,168.06515706322128,-0.7583212747103956,-0.3783819885079632,-0.7559417097816068,88.63975767484844,0,
2026-07-29 10:00:00,23.47547973372047,93.42852077331514,159.90369810132862,0.7384672130591372,-1.0949608524892767,0.579690521650261,84.61307048210996,0,
2026-07-29 11:00:00,22.559926922048067,89.88886177883792,153.86192675600904,-0.5838897756339675,0.5972961102568654,0.486550780507536,89.00972942489568,0,
2026-07-29 12:00:00,18.777872191108198,89.98023842902917,150.11232946406056,0.10838778188131455,0.4791929099210212,-0.38954636968835027,92.19848724546523,0,
2026-07-29 13:00:00,18.642446069352292,79.92192933164013,157.91197647792632,-0.548651263816422,0.0258304884255399,0.10161797729301551,86.17730364276962,0,
2026-07-29 14:00:00,15.75967460184187,75.39094666629079,154.09593592345578,-0.29443341336934803,0.11453734410285128,-0.22881662466880762,93.14544795315177,0,
2026-07-29 15:00:00,13.968324942957977,88.97113435384466,169.71374409707542,-0.41863121552485016,0.5371590063577807,0.09284429020936946,91.46332446325302,0,
2026-07-29 16:00:00,13.78275673792803,79.05647378686716,170.89741465289487,-0.30393763033790894,0.1121698283890413,0.7545655067022753,87.79730003408689,0,
2026-07-29 17:00:00,12.716856701173558,78.91620578627946,172.90944515432088,-0.2695613515744893,0.4520087773806572,0.3028031163156565,89.57541108798645,0,
2026-07-29 18:00:00,11.63903383418092,86.6409707092453,172.19237869404864,-0.27413439746253854,-0.14874110043692507,0.254304186616721,94.7949654229231,0,
2026-07-29 19:00:00,13.431923193051672,82.95152091555794,169.41659981425138,0.41666695589015357,0.6559918692869733,-0.2151546599773212,92.2006434405176,0,
2026-07-29 20:00:00,11.99073344212457,82.94931184148582,170.68481425552292,-0.55243139653126,0.16039286296634195,-0.7420283324621676,90.02635096469444,0,
2026-07-29 21:00:00,14.959081357451739,92.28947781857259,167.1012062924382,0.11027071350693343,0.09702597180293701,-0.10423410527020395,89.28695004911705,0,
2026-07-29 22:00:00,16.593101257968463,79.28240884809932,158.22979644529468,0.6089795761527792,-0.635030544356016,0.6033040774319576,90.22982721135497,0,
2026-07-29 23:00:00,17.619901199865776,88.34510541489354,152.3083720375661,-0.256598182256698,0.14347792715085436,-0.7635839282948238,88.4647093261731,0,
2026-07-30 00:00:00,20.32613302224189,85.28506562448528,150.5092814763105,-0.3589594453738009,-0.4159774587472256,-0.5275446840883475,83.68575148284296,0,
2026-07-30 01:00:00,20.81943878443493,87.63705661982894,162.92148165952653,-0.11526231259012541,-0.3191413632642471,0.06313386811703409,96.1265337316042,0,
2026-07-30 02:00:00,24.92402701920682,95.14234213206262,153.8044646217303,0.5898626041803551,-0.40768781415806055,-0.4923273924236312,90.46597499759821,0,
2026-07-30 03:00:00,25.471952113049376,91.07471268738084,156.8045092949687,0.09705381547667885,-0.5331174659496125,-0.3962617235576063,91.19444179536761,0,
2026-07-30 04:00:00,26.40548020975638,92.0216074141703,168.14431228187112,-0.26560714730379925,1.0623857015084808,-0.21179929086408855,89.82627675036927,0,
2026-07-30 05:00:00,28.776415836149468,95.19216581799436,169.5729550350615,0.24193832559401987,0.6656695309942016,-0.6828087020950747,87.79464959782624,0,
2026-07-30 06:00:00,27.29565630945724,88.17523635228558,170.86670832185203,-0.5511460749182117,0.9601837510721306,-0.48706092310818416,89.44222655715369,0,
2026-07-30 07:00:00,26.31894531394904,85.63358079475034,170.538282515324,0.340679755221474,-0.611447509777782,0.3517139583936544,85.20181571341706,0,
2026-07-30 08:00:00,25.37157405675167,84.10608104881707,166.2044968025149,0.2043036538508838,0.035626874955446246,-0.653684891115482,96.83125949415991,0,
2026-07-30 09:00:00,26.262864200838067,78.70375095905275,171.59145281674148,-0.15390423556944205,-0.6467538126020479,-0.7989360672474188,86.29646400473281,0,
2026-07-30 10:00:00,22.719570647503712,97.78103564970161,151.99548010761742,-0.4192928992236155,-0.347847438598532,-0.3150124897669472,86.90410114845847,0,
2026-07-30 11:00:00,23.82534654280468,80.77805339690428,151.03389577814957,-0.44334046114172865,-0.4590634917082874,0.3659777512549229,88.67922238684079,0,
2026-07-30 12:00:00,17.918070592116138,83.89373188207105,149.4837261992551,0.2674086681729551,0.6197920032207808,-0.09846090399844477,93.86422717455713,0,
2026-07-30 13:00:00,19.62590400746989,82.32183827504281,146.96043684627952,0.6144902512445309,-0.19811483905087993,-0.23229053905780916,90.04352699778796,0,
2026-07-30 14:00:00,16.211017467202772,84.0370334890456,159.12072797783927,-0.3186538735143974,0.5341896668470082,0.022179398757803524,86.29159261190861,0,
2026-07-30 15:00:00,14.246432638637302,85.5431521567638,172.44948645237085,0.22919335177574213,0.302060444794259,-0.872853716429826,93.76301508227202,0,
2026-07-30 16:00:00,12.526877682915561,84.97224042287654,167.42494051716855,-1.0435135093010344,1.1518193760523945,0.24735282688751623,92.19300188035645,0,
2026-07-30 17:00:00,12.671729504039519,77.25498367570997,170.4720210543748,-0.2923088653285998,-0.739722111569862,0.19171751570182208,91.61530487164936,0,
2026-07-30 18:00:00,11.962365297575152,79.16439143106794,163.6991761741371,-0.015529466435450976,0.6296166198933995,-0.20465423704786062,92.14720272351252,0,
2026-07-30 19:00:00,13.37589527170402,81.58327062099619,166.23670948558387,-0.4548417084909168,0.5732204352003638,0.5029622558982083,97.18308570174736,0,
2026-07-30 20:00:00,13.186024418386534,79.42641735016008,165.44452617406907,-0.468253187394798,-0.4866894190135173,-0.5637480494765194,96.55528468510833,0,
2026-07-30 21:00:00,14.493447511969391,89.50119397416715,162.55356013995004,-0.3338897782344431,0.5035666682365798,0.5639544966267845,87.93985397099011,0,
2026-07-30 22:00:00,15.636387787786074,84.95487475819121,166.40821897501903,0.14609636416318658,0.1680724815131144,0.07724683279762556,94.87165497843345,0,
2026-07-30 23:00:00,17.872502015458753,87.38029370473649,157.96483620567608,-0.09366450920318735,-0.11373812997670389,-0.1682762949390867,91.1495045692767,0,
